{"level":"info","message":"bet for55cdcdc780d1afee6c4d5fdb has been submitted.Request from address ::1.","timestamp":"2018-06-13T06:29:28.057Z"}
{"level":"info","message":"User  is not authorised. Request from address ::1.","timestamp":"2018-06-21T22:38:22.444Z"}
{"level":"info","message":"User  is not authorised. Request from address ::1.","timestamp":"2018-06-23T07:43:28.807Z"}
{"level":"error","message":"An error has occurred while processing a request to handleGetParticipates for pool id 55cdcdc780d1afee6c4d5fdb from ::1. Stack trace: TypeError: Cannot read property 'participates' of undefined\n    at repository.findById.then.then (C:\\js\\bet-pool-server\\handlers\\PoolHandler.js:119:48)\n    at process._tickCallback (internal/process/next_tick.js:103:7)","timestamp":"2018-06-23T08:27:47.698Z"}
{"level":"error","message":"An error has occurred while processing a request to handleGetUserBets for pool id 5b296a915d2944412c2db258 from ::1. Stack trace: TypeError: Cannot read property 'events' of null\n    at Pool.findOne.populate.exec.then (C:\\js\\bet-pool-server\\repositories\\poolRepository.js:28:34)","timestamp":"2018-06-23T10:48:19.626Z"}
{"level":"error","message":"An error has occurred while processing a request to handleGetParticipates for pool id 55cdcdc780d1afee6c4d5fdb from ::1. Stack trace: TypeError: Cannot read property 'score' of undefined\n    at repository.findById.then.then._.map.betRepository.findUserBetsByPoolId.then._.reduce (C:\\js\\bet-pool-server\\handlers\\PoolHandler.js:135:37)\n    at arrayReduce (C:\\js\\bet-pool-server\\node_modules\\lodash\\lodash.js:683:21)\n    at Function.reduce (C:\\js\\bet-pool-server\\node_modules\\lodash\\lodash.js:9681:14)\n    at repository.findById.then.then._.map.betRepository.findUserBetsByPoolId.then (C:\\js\\bet-pool-server\\handlers\\PoolHandler.js:134:42)\n    at process._tickCallback (internal/process/next_tick.js:103:7)","timestamp":"2018-06-23T11:01:30.313Z"}
{"level":"error","message":"An error has occurred while processing a apiFootball job RequestError: Error: getaddrinfo ENOENT api.football-data.org:80\n    at new RequestError (C:\\js\\bet-pool-server\\node_modules\\request-promise-core\\lib\\errors.js:14:15)\n    at Request.plumbing.callback (C:\\js\\bet-pool-server\\node_modules\\request-promise-core\\lib\\plumbing.js:87:29)\n    at Request.RP$callback [as _callback] (C:\\js\\bet-pool-server\\node_modules\\request-promise-core\\lib\\plumbing.js:46:31)\n    at self.callback (C:\\js\\bet-pool-server\\node_modules\\request\\request.js:129:22)\n    at emitOne (events.js:96:13)\n    at Request.emit (events.js:188:7)\n    at ClientRequest.self.clientErrorHandler (C:\\js\\bet-pool-server\\node_modules\\request\\request.js:239:10)\n    at emitOne (events.js:96:13)\n    at ClientRequest.emit (events.js:188:7)\n    at Socket.socketErrorListener (_http_client.js:310:9)\n    at emitOne (events.js:96:13)\n    at Socket.emit (events.js:188:7)\n    at connectErrorNT (net.js:1022:8)\n    at _combinedTickCallback (internal/process/next_tick.js:74:11)\n    at process._tickCallback (internal/process/next_tick.js:98:9)","timestamp":"2018-06-24T06:54:00.032Z"}
{"level":"info","message":"User amit successfully logged in using application from: ::1.","timestamp":"2018-06-28T17:07:19.238Z"}
{"level":"info","message":"User  is not authorised. Request from address ::ffff:127.0.0.1.","timestamp":"2018-06-28T22:16:56.186Z"}
{"level":"info","message":"User  is not authorised. Request from address ::ffff:127.0.0.1.","timestamp":"2018-06-28T22:17:37.376Z"}
{"level":"info","message":"User  is not authorised. Request from address ::ffff:127.0.0.1.","timestamp":"2018-06-28T22:19:00.265Z"}
{"level":"info","message":"User  is not authorised. Request from address ::ffff:127.0.0.1.","timestamp":"2018-06-28T22:20:32.545Z"}
{"level":"info","message":"User  is not authorised. Request from address ::ffff:127.0.0.1.","timestamp":"2018-06-28T22:21:07.889Z"}
{"level":"info","message":"User  is not authorised. Request from address ::ffff:127.0.0.1.","timestamp":"2018-06-28T22:22:29.215Z"}
{"level":"info","message":"User  is not authorised. Request from address ::ffff:127.0.0.1.","timestamp":"2018-06-28T22:23:09.774Z"}
{"level":"info","message":"User  is not authorised. Request from address ::ffff:127.0.0.1.","timestamp":"2018-06-28T22:23:45.080Z"}
{"level":"info","message":"User  is not authorised. Request from address ::ffff:127.0.0.1.","timestamp":"2018-06-28T22:23:57.444Z"}
{"level":"info","message":"User  is not authorised. Request from address ::ffff:127.0.0.1.","timestamp":"2018-06-28T22:24:45.316Z"}
{"level":"info","message":"User  is not authorised. Request from address ::ffff:127.0.0.1.","timestamp":"2018-06-28T22:25:54.236Z"}
{"level":"info","message":"User  is not authorised. Request from address ::ffff:127.0.0.1.","timestamp":"2018-06-28T22:27:16.249Z"}
{"level":"info","message":"User  is not authorised. Request from address ::ffff:127.0.0.1.","timestamp":"2018-06-28T22:35:58.966Z"}
{"level":"info","message":"User crowdbot@365win.bet successfully logged in using application from: ::ffff:127.0.0.1.","timestamp":"2018-06-28T22:39:46.051Z"}
{"level":"info","message":"User crowdbot@365win.bet successfully logged in using application from: ::ffff:127.0.0.1.","timestamp":"2018-06-28T22:40:21.250Z"}
{"level":"info","message":"User crowdbot@365win.bet successfully logged in using application from: ::ffff:127.0.0.1.","timestamp":"2018-06-30T09:06:28.943Z"}
{"level":"info","message":"User crowdbot@365win.bet successfully logged in using application from: ::ffff:127.0.0.1.","timestamp":"2018-06-30T09:17:52.939Z"}
{"level":"info","message":"User crowdbot@365win.bet successfully logged in using application from: ::ffff:127.0.0.1.","timestamp":"2018-06-30T09:19:05.218Z"}
{"level":"info","message":"User crowdbot@365win.bet successfully logged in using application from: ::ffff:127.0.0.1.","timestamp":"2018-06-30T09:20:10.404Z"}
{"level":"info","message":"User crowdbot@365win.bet successfully logged in using application from: ::ffff:127.0.0.1.","timestamp":"2018-06-30T09:21:19.119Z"}
{"level":"info","message":"User crowdbot@365win.bet successfully logged in using application from: ::ffff:127.0.0.1.","timestamp":"2018-06-30T09:23:40.298Z"}
{"level":"info","message":"User crowdbot@365win.bet successfully logged in using application from: ::ffff:127.0.0.1.","timestamp":"2018-06-30T09:25:30.690Z"}
{"level":"info","message":"User crowdbot@365win.bet successfully logged in using application from: ::ffff:127.0.0.1.","timestamp":"2018-06-30T09:26:05.264Z"}
{"level":"info","message":"User crowdbot@365win.bet successfully logged in using application from: ::ffff:127.0.0.1.","timestamp":"2018-06-30T09:28:15.353Z"}
{"level":"info","message":"User crowdbot@365win.bet successfully logged in using application from: ::ffff:127.0.0.1.","timestamp":"2018-06-30T09:30:06.506Z"}
{"level":"info","message":"User crowdbot@365win.bet successfully logged in using application from: ::ffff:127.0.0.1.","timestamp":"2018-06-30T09:38:45.273Z"}
{"level":"info","message":"User crowdbot@365win.bet successfully logged in using application from: ::ffff:127.0.0.1.","timestamp":"2018-06-30T11:08:42.966Z"}
{"level":"info","message":"User crowdbot@365win.bet successfully logged in using application from: ::ffff:127.0.0.1.","timestamp":"2018-06-30T11:11:39.904Z"}
{"level":"info","message":"User crowdbot@365win.bet successfully logged in using application from: ::ffff:127.0.0.1.","timestamp":"2018-06-30T11:14:09.371Z"}
{"level":"info","message":"User crowdbot@365win.bet successfully logged in using application from: ::ffff:127.0.0.1.","timestamp":"2018-06-30T11:18:15.970Z"}
{"level":"info","message":"User crowdbot@365win.bet successfully logged in using application from: ::ffff:127.0.0.1.","timestamp":"2018-06-30T11:19:05.903Z"}
{"level":"info","message":"User crowdbot@365win.bet successfully logged in using application from: ::ffff:127.0.0.1.","timestamp":"2018-06-30T11:31:32.207Z"}
{"level":"info","message":"User crowdbot@365win.bet successfully logged in using application from: ::ffff:127.0.0.1.","timestamp":"2018-06-30T11:33:18.335Z"}
{"level":"info","message":"User crowdbot@365win.bet successfully logged in using application from: ::ffff:127.0.0.1.","timestamp":"2018-06-30T11:36:17.534Z"}
{"level":"info","message":"User crowdbot@365win.bet successfully logged in using application from: ::ffff:127.0.0.1.","timestamp":"2018-06-30T11:39:51.845Z"}
{"level":"info","message":"User crowdbot@365win.bet successfully logged in using application from: ::ffff:127.0.0.1.","timestamp":"2018-06-30T11:41:57.668Z"}
{"level":"info","message":"User crowdbot@365win.bet successfully logged in using application from: ::ffff:127.0.0.1.","timestamp":"2018-06-30T11:42:28.551Z"}
{"level":"info","message":"User crowdbot@365win.bet successfully logged in using application from: ::ffff:127.0.0.1.","timestamp":"2018-06-30T11:44:30.422Z"}
{"level":"info","message":"User crowdbot@365win.bet successfully logged in using application from: ::ffff:127.0.0.1.","timestamp":"2018-06-30T11:46:37.496Z"}
{"level":"info","message":"User crowdbot@365win.bet successfully logged in using application from: ::ffff:127.0.0.1.","timestamp":"2018-06-30T11:48:51.850Z"}
{"level":"info","message":"User crowdbot@365win.bet successfully logged in using application from: ::ffff:127.0.0.1.","timestamp":"2018-06-30T11:50:28.474Z"}
{"level":"error","message":"An error has occurred while processing a apiFootball job StatusCodeError: 429 - {\"message\":\"You reached your request limit. Wait -2 seconds.\",\"errorCode\":429}\n    at new StatusCodeError (C:\\js\\bet-pool-server\\node_modules\\request-promise-core\\lib\\errors.js:32:15)\n    at Request.plumbing.callback (C:\\js\\bet-pool-server\\node_modules\\request-promise-core\\lib\\plumbing.js:104:33)\n    at Request.RP$callback [as _callback] (C:\\js\\bet-pool-server\\node_modules\\request-promise-core\\lib\\plumbing.js:46:31)\n    at Request.self.callback (C:\\js\\bet-pool-server\\node_modules\\request\\request.js:129:22)\n    at emitTwo (events.js:106:13)\n    at Request.emit (events.js:191:7)\n    at Request.<anonymous> (C:\\js\\bet-pool-server\\node_modules\\request\\request.js:873:14)\n    at emitOne (events.js:101:20)\n    at Request.emit (events.js:188:7)\n    at IncomingMessage.<anonymous> (C:\\js\\bet-pool-server\\node_modules\\request\\request.js:824:12)\n    at emitNone (events.js:91:20)\n    at IncomingMessage.emit (events.js:185:7)\n    at endReadableNT (_stream_readable.js:974:12)\n    at _combinedTickCallback (internal/process/next_tick.js:74:11)\n    at process._tickCallback (internal/process/next_tick.js:98:9)","timestamp":"2018-08-16T08:23:30.226Z"}
{"level":"info","message":"http://api.football-data.org/v2/competitions","timestamp":"2018-08-16T08:28:00.019Z"}
{"level":"info","message":"http://api.football-data.org/v2/competitions","timestamp":"2018-08-16T08:34:00.048Z"}
{"level":"info","message":"http://api.football-data.org/v2/competitions","timestamp":"2018-08-16T08:45:00.010Z"}
{"level":"info","message":"http://api.football-data.org/v2/competitions","timestamp":"2018-08-29T17:24:00.009Z"}
{"level":"info","message":"User amit successfully logged in using application from: ::1.","timestamp":"2018-08-29T17:24:41.608Z"}
{"level":"info","message":"http://api.football-data.org/v2/competitions","timestamp":"2018-09-07T12:51:00.027Z"}
{"level":"info","message":"User  is not authorised. Request from address ::1.","timestamp":"2018-09-07T12:59:49.758Z"}
{"level":"error","message":"An error has occurred while processing a request to handleAddEvents for pool id 5b927ad30c03934e746868e9 from ::1. Stack trace: Error: Can't set headers after they are sent.\n    at ServerResponse.OutgoingMessage.setHeader (_http_outgoing.js:356:11)\n    at ServerResponse.header (C:\\js\\bet-pool-server\\node_modules\\express\\lib\\response.js:767:10)\n    at ServerResponse.send (C:\\js\\bet-pool-server\\node_modules\\express\\lib\\response.js:170:12)\n    at ServerResponse.json (C:\\js\\bet-pool-server\\node_modules\\express\\lib\\response.js:267:15)\n    at C:\\js\\bet-pool-server\\handlers\\PoolHandler.js:242:21\n    at process._tickCallback (internal/process/next_tick.js:103:7)","timestamp":"2018-09-07T13:29:49.232Z"}
{"level":"info","message":"http://api.football-data.org/v2/competitions","timestamp":"2018-09-07T13:29:49.232Z"}
{"level":"info","message":"http://api.football-data.org/v2/competitions","timestamp":"2018-09-07T13:31:00.006Z"}
{"level":"info","message":"http://api.football-data.org/v2/competitions","timestamp":"2018-09-07T13:36:00.028Z"}
{"level":"info","message":"found Pool5b927ad30c03934e746868e9::ffff:127.0.0.1.","timestamp":"2018-09-07T13:38:15.680Z"}
{"level":"info","message":"http://api.football-data.org/v2/competitions","timestamp":"2018-09-07T15:23:00.017Z"}
{"level":"info","message":"http://api.football-data.org/v2/competitions","timestamp":"2018-09-07T15:24:00.030Z"}
{"level":"info","message":"http://api.football-data.org/v2/competitions","timestamp":"2018-09-07T15:27:00.023Z"}
{"level":"info","message":"http://api.football-data.org/v2/competitions","timestamp":"2018-09-08T09:24:00.017Z"}
{"level":"info","message":"http://api.football-data.org/v2/competitions","timestamp":"2018-09-09T14:58:01.333Z"}
{"level":"info","message":"http://api.football-data.org/v2/competitions","timestamp":"2018-09-09T15:17:00.013Z"}
{"level":"info","message":"http://api.football-data.org/v2/competitions","timestamp":"2018-09-11T08:42:00.010Z"}
{"level":"info","message":"http://api.football-data.org/v2/competitions","timestamp":"2018-09-11T08:47:00.035Z"}
{"level":"info","message":"http://api.football-data.org/v2/competitions","timestamp":"2018-09-11T09:07:00.028Z"}
{"level":"info","message":"http://api.football-data.org/v2/competitions","timestamp":"2018-09-11T09:10:00.819Z"}
{"level":"info","message":"http://api.football-data.org/v2/competitions","timestamp":"2018-09-11T09:13:00.024Z"}
{"level":"info","message":"http://api.football-data.org/v2/competitions","timestamp":"2018-09-11T09:18:00.037Z"}
{"level":"info","message":"http://api.football-data.org/v2/competitions","timestamp":"2018-09-11T09:20:00.021Z"}
{"level":"info","message":"http://api.football-data.org/v2/competitions","timestamp":"2018-09-11T09:22:00.028Z"}
{"level":"info","message":"http://api.football-data.org/v2/competitions","timestamp":"2018-09-11T09:26:00.035Z"}
{"level":"info","message":"http://api.football-data.org/v2/competitions","timestamp":"2018-09-11T11:54:04.278Z"}
{"level":"info","message":"http://api.football-data.org/v2/competitions","timestamp":"2018-09-11T12:07:00.030Z"}
{"level":"error","message":"An error has occurred while processing a request to handleGetUserBets for pool id 5b927ad30c03934e746868e9 from ::1. Stack trace: TypeError: (var)[Symbol.iterator] is not a function\n    at Function.all (native)\n    at _.reduce.then (C:\\js\\bet-pool-server\\handlers\\PoolHandler.js:451:24)\n    at process._tickCallback (internal/process/next_tick.js:103:7)","timestamp":"2018-09-11T12:09:39.507Z"}
{"level":"info","message":"http://api.football-data.org/v2/competitions","timestamp":"2018-09-11T12:12:00.062Z"}
{"level":"error","message":"An error has occurred while processing a request to handleGetUserBets for pool id 5b927ad30c03934e746868e9 from ::1. Stack trace: TypeError: (var)[Symbol.iterator] is not a function\n    at Function.all (native)\n    at _.reduce.then (C:\\js\\bet-pool-server\\handlers\\PoolHandler.js:451:24)\n    at process._tickCallback (internal/process/next_tick.js:103:7)","timestamp":"2018-09-11T12:13:29.712Z"}
{"level":"info","message":"http://api.football-data.org/v2/competitions","timestamp":"2018-09-11T12:15:00.028Z"}
{"level":"info","message":"http://api.football-data.org/v2/competitions","timestamp":"2018-09-11T12:34:00.029Z"}
{"level":"info","message":"http://api.football-data.org/v2/competitions","timestamp":"2018-09-11T12:50:00.028Z"}
{"level":"info","message":"http://api.football-data.org/v2/competitions","timestamp":"2018-09-11T16:45:00.027Z"}
{"level":"info","message":"http://api.football-data.org/v2/competitions","timestamp":"2018-09-14T12:01:00.014Z"}
{"level":"info","message":"http://api.football-data.org/v2/competitions","timestamp":"2018-09-15T07:44:00.032Z"}
{"level":"info","message":"http://api.football-data.org/v2/competitions","timestamp":"2018-09-15T10:13:00.036Z"}
{"level":"info","message":"http://api.football-data.org/v2/competitions","timestamp":"2018-09-15T10:18:00.014Z"}
{"level":"info","message":"http://api.football-data.org/v2/competitions","timestamp":"2018-09-15T10:19:00.023Z"}
{"level":"info","message":"http://api.football-data.org/v2/competitions","timestamp":"2018-09-15T10:26:16.004Z"}
{"level":"info","message":"http://api.football-data.org/v2/competitions","timestamp":"2018-09-15T10:29:00.006Z"}
{"level":"info","message":"http://api.football-data.org/v2/competitions","timestamp":"2018-09-15T11:21:00.021Z"}
{"level":"info","message":"http://api.football-data.org/v2/competitions","timestamp":"2018-09-15T11:34:00.047Z"}
{"level":"info","message":"http://api.football-data.org/v2/competitions","timestamp":"2018-09-15T11:39:00.035Z"}
{"level":"info","message":"http://api.football-data.org/v2/competitions","timestamp":"2018-09-15T11:45:00.021Z"}
{"level":"info","message":"http://api.football-data.org/v2/competitions","timestamp":"2018-09-15T11:53:00.036Z"}
{"level":"info","message":"http://api.football-data.org/v2/competitions","timestamp":"2018-09-15T11:57:00.013Z"}
{"level":"info","message":"http://api.football-data.org/v2/competitions","timestamp":"2018-09-15T12:00:00.031Z"}
{"level":"info","message":"http://api.football-data.org/v2/competitions","timestamp":"2018-09-15T12:04:00.024Z"}
{"level":"info","message":"http://api.football-data.org/v2/competitions","timestamp":"2018-09-15T12:06:00.027Z"}
{"level":"info","message":"http://api.football-data.org/v2/competitions","timestamp":"2018-09-15T12:09:00.013Z"}
{"level":"info","message":"add users to Pool5b927ad30c03934e746868e9 has been created.Request from address ::1.","timestamp":"2018-09-15T12:12:37.096Z"}
{"level":"info","message":"http://api.football-data.org/v2/competitions","timestamp":"2018-09-15T12:15:00.026Z"}
{"level":"info","message":"http://api.football-data.org/v2/competitions","timestamp":"2018-09-15T16:27:00.040Z"}
{"level":"info","message":"http://api.football-data.org/v2/competitions","timestamp":"2018-09-15T17:37:00.013Z"}
{"level":"info","message":"http://api.football-data.org/v2/competitions","timestamp":"2018-09-15T17:43:00.008Z"}
{"level":"info","message":"http://api.football-data.org/v2/competitions","timestamp":"2018-09-15T18:08:02.925Z"}
{"level":"info","message":"http://api.football-data.org/v2/competitions","timestamp":"2018-09-15T18:16:00.025Z"}
{"level":"info","message":"http://api.football-data.org/v2/competitions","timestamp":"2018-09-15T18:19:00.018Z"}
{"level":"info","message":"http://api.football-data.org/v2/competitions","timestamp":"2018-09-15T18:20:00.010Z"}
{"level":"info","message":"http://api.football-data.org/v2/competitions","timestamp":"2018-09-15T18:26:00.009Z"}
{"level":"info","message":"http://api.football-data.org/v2/competitions","timestamp":"2018-09-15T18:29:00.022Z"}
{"level":"info","message":"http://api.football-data.org/v2/competitions","timestamp":"2018-09-15T18:31:00.034Z"}
{"level":"info","message":"http://api.football-data.org/v2/competitions","timestamp":"2018-09-15T18:33:00.029Z"}
{"level":"info","message":"http://api.football-data.org/v2/competitions","timestamp":"2018-09-15T18:38:00.013Z"}
{"level":"info","message":"http://api.football-data.org/v2/competitions","timestamp":"2018-09-15T18:43:00.028Z"}
{"level":"info","message":"http://api.football-data.org/v2/competitions","timestamp":"2018-09-15T18:45:00.014Z"}
{"level":"info","message":"http://api.football-data.org/v2/competitions","timestamp":"2018-09-15T18:51:00.028Z"}
{"level":"info","message":"http://api.football-data.org/v2/competitions","timestamp":"2018-09-15T19:09:00.014Z"}
{"level":"info","message":"http://api.football-data.org/v2/competitions","timestamp":"2018-09-15T19:11:00.017Z"}
{"level":"error","message":"An error has occurred while processing a request to handleGetParticipates for pool id 5b927ad30c03934e746868e9 from ::1. Stack trace: ReferenceError: games is not defined\n    at getPopulatePoolChallenges (C:\\js\\bet-pool-server\\handlers\\PoolHandler.js:465:28)\n    at Promise.all.then (C:\\js\\bet-pool-server\\handlers\\PoolHandler.js:116:20)\n    at process._tickCallback (internal/process/next_tick.js:103:7)","timestamp":"2018-09-15T21:35:50.206Z"}
{"level":"info","message":"http://api.football-data.org/v2/competitions","timestamp":"2018-09-15T21:38:00.021Z"}
{"level":"info","message":"http://api.football-data.org/v2/competitions","timestamp":"2018-09-15T21:41:05.762Z"}
{"level":"info","message":"http://api.football-data.org/v2/competitions","timestamp":"2018-09-15T21:59:00.018Z"}
{"level":"info","message":"http://api.football-data.org/v2/competitions","timestamp":"2018-09-15T22:11:00.021Z"}
{"level":"info","message":"http://api.football-data.org/v2/competitions","timestamp":"2018-09-15T22:13:00.038Z"}
{"level":"info","message":"http://api.football-data.org/v2/competitions","timestamp":"2018-09-15T22:14:00.009Z"}
{"level":"info","message":"http://api.football-data.org/v2/competitions","timestamp":"2018-09-15T22:15:00.021Z"}
{"level":"info","message":"http://api.football-data.org/v2/competitions","timestamp":"2018-09-15T22:17:00.034Z"}
{"level":"info","message":"http://api.football-data.org/v2/competitions","timestamp":"2018-09-15T22:20:00.016Z"}
{"level":"info","message":"http://api.football-data.org/v2/competitions","timestamp":"2018-09-15T22:21:00.016Z"}
{"level":"info","message":"http://api.football-data.org/v2/competitions","timestamp":"2018-09-15T22:22:00.022Z"}
{"level":"info","message":"http://api.football-data.org/v2/competitions","timestamp":"2018-09-15T22:29:00.027Z"}
{"level":"info","message":"http://api.football-data.org/v2/competitions","timestamp":"2018-09-15T22:36:00.016Z"}
{"level":"info","message":"http://api.football-data.org/v2/competitions","timestamp":"2018-09-15T22:37:00.032Z"}
{"level":"info","message":"http://api.football-data.org/v2/competitions","timestamp":"2018-09-15T22:38:00.009Z"}
{"level":"info","message":"http://api.football-data.org/v2/competitions","timestamp":"2018-09-15T22:40:00.032Z"}
{"level":"info","message":"http://api.football-data.org/v2/competitions","timestamp":"2018-09-15T22:41:00.032Z"}
{"level":"info","message":"http://api.football-data.org/v2/competitions","timestamp":"2018-09-15T22:42:00.016Z"}
{"level":"info","message":"add users to Pool5b9d8724fb6fc00e4d7677fa has been created.Request from address ::1.","timestamp":"2018-09-15T22:43:58.670Z"}
{"level":"info","message":"http://api.football-data.org/v2/competitions","timestamp":"2018-09-15T22:59:00.010Z"}
{"level":"info","message":"http://api.football-data.org/v2/competitions","timestamp":"2018-09-16T11:03:00.020Z"}
{"level":"info","message":"http://api.football-data.org/v2/competitions","timestamp":"2018-09-16T11:23:00.025Z"}
{"level":"info","message":"http://api.football-data.org/v2/competitions","timestamp":"2018-09-16T11:32:00.041Z"}
{"level":"info","message":"http://api.football-data.org/v2/competitions","timestamp":"2018-09-16T11:37:00.036Z"}
{"level":"info","message":"http://api.football-data.org/v2/competitions","timestamp":"2018-09-16T11:41:08.460Z"}
{"level":"info","message":"User  is not authorised. Request from address ::1.","timestamp":"2018-09-16T11:45:42.485Z"}
{"level":"info","message":"http://api.football-data.org/v2/competitions","timestamp":"2018-09-16T16:14:00.025Z"}
{"level":"info","message":"http://api.football-data.org/v2/competitions","timestamp":"2018-09-19T12:24:00.010Z"}
{"level":"info","message":"http://api.football-data.org/v2/competitions","timestamp":"2018-09-19T12:26:00.007Z"}
{"level":"info","message":"http://api.football-data.org/v2/competitions","timestamp":"2018-09-19T12:50:00.013Z"}
{"level":"info","message":"http://api.football-data.org/v2/competitions","timestamp":"2018-09-19T12:58:00.009Z"}
{"level":"info","message":"http://api.football-data.org/v2/competitions","timestamp":"2018-09-19T12:59:00.011Z"}
{"level":"info","message":"http://api.football-data.org/v2/competitions","timestamp":"2018-09-19T13:01:00.035Z"}
{"level":"info","message":"User amit.rotbar11d@gmail.com successfully logged in using application from: ::ffff:127.0.0.1.","timestamp":"2018-09-19T14:11:57.846Z"}
{"level":"info","message":"User  is not authorised. Request from address ::ffff:127.0.0.1.","timestamp":"2018-09-24T16:51:57.867Z"}
{"level":"info","message":"http://api.football-data.org/v2/competitions","timestamp":"2018-09-24T16:55:00.027Z"}
{"level":"info","message":"http://api.football-data.org/v2/competitions","timestamp":"2018-09-29T11:41:00.038Z"}
{"level":"info","message":"http://api.football-data.org/v2/competitions","timestamp":"2018-09-29T11:53:00.024Z"}
{"level":"info","message":"http://api.football-data.org/v2/competitions","timestamp":"2018-09-29T12:00:00.003Z"}
{"level":"info","message":"http://api.football-data.org/v2/competitions","timestamp":"2018-09-29T12:18:00.031Z"}
{"level":"info","message":"http://api.football-data.org/v2/competitions","timestamp":"2018-09-29T12:19:00.032Z"}
{"level":"info","message":"bet for5b9d8724fb6fc00e4d7677fa has been submitted.Request from address ::ffff:127.0.0.1.","timestamp":"2018-09-29T12:26:45.451Z"}
{"level":"info","message":"http://api.football-data.org/v2/competitions","timestamp":"2018-09-29T12:32:00.017Z"}
{"level":"info","message":"bet for5b9d8724fb6fc00e4d7677fa has been submitted.Request from address ::ffff:127.0.0.1.","timestamp":"2018-09-29T12:41:53.013Z"}
{"level":"info","message":"bet for5b9d8724fb6fc00e4d7677fa has been submitted.Request from address ::ffff:127.0.0.1.","timestamp":"2018-09-29T21:56:54.677Z"}
{"level":"info","message":"http://api.football-data.org/v2/competitions","timestamp":"2018-09-29T22:15:00.025Z"}
{"level":"info","message":"http://api.football-data.org/v2/competitions","timestamp":"2018-09-29T22:20:00.027Z"}
{"level":"info","message":"http://api.football-data.org/v2/competitions","timestamp":"2018-09-29T22:31:00.010Z"}
{"level":"info","message":"http://api.football-data.org/v2/competitions","timestamp":"2018-09-29T22:41:00.011Z"}
{"level":"info","message":"http://api.football-data.org/v2/competitions","timestamp":"2018-09-29T22:43:00.011Z"}
{"level":"info","message":"http://api.football-data.org/v2/competitions","timestamp":"2018-09-29T23:01:00.009Z"}
{"level":"info","message":"http://api.football-data.org/v2/competitions","timestamp":"2018-09-29T23:04:00.225Z"}
{"level":"info","message":"http://api.football-data.org/v2/competitions","timestamp":"2018-09-29T23:06:00.018Z"}
{"level":"info","message":"http://api.football-data.org/v2/competitions","timestamp":"2018-09-29T23:07:00.008Z"}
{"level":"info","message":"http://api.football-data.org/v2/competitions","timestamp":"2018-09-29T23:10:12.466Z"}
{"level":"info","message":"http://api.football-data.org/v2/competitions","timestamp":"2018-09-30T08:14:00.007Z"}
{"level":"info","message":"User amit.rotbard5@gmail.com successfully logged in using application from: ::ffff:127.0.0.1.","timestamp":"2018-10-01T17:43:24.618Z"}
{"level":"info","message":"User amit.rotbard5@gmail.com successfully logged in using application from: ::ffff:127.0.0.1.","timestamp":"2018-10-01T18:24:24.314Z"}
{"level":"info","message":"User  is not authorised. Request from address ::ffff:127.0.0.1.","timestamp":"2019-02-02T14:47:18.085Z"}
{"level":"info","message":"http://api.football-data.org/v2/competitions","timestamp":"2019-02-02T15:08:00.015Z"}
{"level":"info","message":"http://api.football-data.org/v2/competitions","timestamp":"2019-02-02T15:30:00.026Z"}
{"level":"info","message":"User  is not authorised. Request from address ::ffff:127.0.0.1.","timestamp":"2019-02-06T19:35:22.308Z"}
{"level":"info","message":"User  is not authorised. Request from address ::ffff:127.0.0.1.","timestamp":"2019-04-21T12:11:47.140Z"}
{"level":"info","message":"http://api.football-data.org/v2/competitions","timestamp":"2019-04-21T14:03:02.062Z"}
{"level":"info","message":"http://api.football-data.org/v2/competitions","timestamp":"2019-04-21T14:11:00.020Z"}
{"level":"info","message":"User  is not authorised. Request from address ::ffff:127.0.0.1.","timestamp":"2019-04-21T14:15:35.984Z"}
{"level":"info","message":"bet for5b9d8724fb6fc00e4d7677fa has been submitted.Request from address ::ffff:127.0.0.1.","timestamp":"2019-04-21T16:26:19.291Z"}
{"level":"info","message":"User  is not authorised. Request from address ::ffff:127.0.0.1.","timestamp":"2019-04-24T13:50:21.624Z"}
{"level":"info","message":"bet for5b9d8724fb6fc00e4d7677fa has been submitted.Request from address ::ffff:127.0.0.1.","timestamp":"2019-04-25T12:08:15.401Z"}
{"level":"info","message":"User  is not authorised. Request from address ::ffff:127.0.0.1.","timestamp":"2019-04-26T16:08:46.086Z"}
{"level":"info","message":"User  is not authorised. Request from address ::ffff:127.0.0.1.","timestamp":"2019-04-28T11:03:14.675Z"}
{"level":"info","message":"http://api.football-data.org/v2/matches/285439","timestamp":"2021-06-18T20:43:06.325Z"}
{"level":"info","message":"http://api.football-data.org/v2/matches/285439","timestamp":"2021-06-18T20:45:21.148Z"}
{"level":"info","message":"http://api.football-data.org/v2/matches/285439","timestamp":"2021-06-18T20:54:10.550Z"}
{"level":"info","message":"http://api.football-data.org/v2/matches/285439","timestamp":"2021-06-18T20:57:09.872Z"}
{"level":"info","message":"http://api.football-data.org/v2/matches/285439","timestamp":"2021-06-18T20:58:24.337Z"}
{"level":"info","message":"http://api.football-data.org/v2/matches/285439","timestamp":"2021-06-18T21:09:06.912Z"}
{"level":"info","message":"http://api.football-data.org/v2/matches/285445","timestamp":"2021-06-19T19:29:20.509Z"}
{"level":"info","message":"http://api.football-data.org/v2/matches/285445","timestamp":"2021-06-19T19:37:54.802Z"}
{"level":"info","message":"http://api.football-data.org/v2/matches/285445","timestamp":"2021-06-19T19:37:54.810Z"}
{"level":"info","message":"http://api.football-data.org/v2/matches/285445","timestamp":"2021-06-19T19:37:54.813Z"}
{"level":"info","message":"http://api.football-data.org/v2/matches/285445","timestamp":"2021-06-19T19:39:01.330Z"}
{"level":"info","message":"http://api.football-data.org/v2/matches/285447","timestamp":"2021-06-23T16:50:01.807Z"}
{"level":"info","message":"http://api.football-data.org/v2/matches/325088","timestamp":"2021-06-27T19:16:11.355Z"}
{"level":"info","message":"http://api.football-data.org/v2/matches/325088","timestamp":"2021-06-27T19:49:02.153Z"}
{"level":"info","message":"http://api.football-data.org/v2/matches/325079","timestamp":"2021-07-06T20:04:01.747Z"}
{"level":"info","message":"User  is not authorised. Request from address ::1.","timestamp":"2021-09-10T11:35:55.518Z"}
{"level":"info","message":"User  is not authorised. Request from address ::ffff:127.0.0.1.","timestamp":"2021-09-11T16:15:20.800Z"}
{"level":"info","message":"User  is not authorised. Request from address ::ffff:127.0.0.1.","timestamp":"2021-09-11T16:31:36.508Z"}
{"level":"info","message":"User  is not authorised. Request from address ::ffff:127.0.0.1.","timestamp":"2021-09-11T20:30:04.536Z"}
{"level":"info","message":"User  is not authorised. Request from address ::ffff:127.0.0.1.","timestamp":"2021-09-11T20:54:03.453Z"}
{"level":"info","message":"User  is not authorised. Request from address ::ffff:127.0.0.1.","timestamp":"2021-09-11T20:57:45.686Z"}
{"level":"info","message":"User  is not authorised. Request from address ::ffff:127.0.0.1.","timestamp":"2021-09-11T21:23:59.267Z"}
{"level":"info","message":"User  is not authorised. Request from address ::ffff:127.0.0.1.","timestamp":"2021-09-11T21:27:06.217Z"}
{"level":"info","message":"User  is not authorised. Request from address ::ffff:127.0.0.1.","timestamp":"2021-09-11T21:30:17.678Z"}
{"level":"info","message":"User  is not authorised. Request from address ::1.","timestamp":"2021-09-12T16:31:08.514Z"}
{"level":"error","message":"Bad login request from ::1 SequelizeDatabaseError: Unknown column 'api_access_token' in 'field list'","timestamp":"2021-09-16T09:59:44.928Z"}
{"level":"error","message":"Bad login request from ::1 TypeError: Cannot read property 'accessToken' of null","timestamp":"2021-09-16T10:15:09.736Z"}
{"level":"error","message":"Bad login request from ::1 TypeError: Cannot read property 'accessToken' of null","timestamp":"2021-09-16T10:19:33.596Z"}
{"level":"error","message":"Bad login request from ::1 SequelizeValidationError: notNull Violation: SecurityToken.apiAccessToken cannot be null","timestamp":"2021-09-16T10:25:55.600Z"}
{"level":"error","message":"Bad login request from ::1 SequelizeValidationError: notNull Violation: SecurityToken.apiAccessToken cannot be null","timestamp":"2021-09-16T10:32:59.205Z"}
{"level":"error","message":"Bad login request from ::1 TypeError: Account.findById is not a function","timestamp":"2021-09-16T10:37:33.716Z"}
{"level":"error","message":"Bad login request from ::1 TypeError: key.includes is not a function","timestamp":"2021-09-16T10:42:37.727Z"}
{"level":"info","message":"User amit.rotbard@gmail.com successfully logged in using application from: ::1.","timestamp":"2021-09-16T10:45:17.277Z"}
{"level":"info","message":"User  is not authorised. Request from address ::1.","timestamp":"2021-09-16T11:26:17.744Z"}
{"level":"info","message":"User  is not authorised. Request from address ::1.","timestamp":"2021-09-16T11:40:39.530Z"}
{"level":"info","message":"User amit.rotbard@gmail.com successfully logged out.  Address: ::1.","timestamp":"2021-09-16T11:49:06.768Z"}
{"level":"info","message":"User  is not authorised. Request from address ::1.","timestamp":"2021-09-16T13:09:35.366Z"}
{"level":"info","message":"User  is not authorised. Request from address ::1.","timestamp":"2021-09-18T10:27:59.590Z"}
{"level":"error","message":"An error has occurred while processing a request to getUserPools Pool from ::1. Stack trace: SequelizeDatabaseError: Unknown column 'Pool.poolId' in 'where clause'\n    at Query.formatError (E:\\js\\bet-pool-server\\node_modules\\sequelize\\lib\\dialects\\mysql\\query.js:265:16)\n    at Query.run (E:\\js\\bet-pool-server\\node_modules\\sequelize\\lib\\dialects\\mysql\\query.js:77:18)\n    at processTicksAndRejections (internal/process/task_queues.js:93:5)\n    at async E:\\js\\bet-pool-server\\node_modules\\sequelize\\lib\\sequelize.js:619:16\n    at async MySQLQueryInterface.select (E:\\js\\bet-pool-server\\node_modules\\sequelize\\lib\\dialects\\abstract\\query-interface.js:953:12)\n    at async Function.findAll (E:\\js\\bet-pool-server\\node_modules\\sequelize\\lib\\model.js:1753:21)\n    at async handleGetUserPools (E:\\js\\bet-pool-server\\handlers\\PoolHandler.js:315:27)","timestamp":"2021-09-18T13:45:44.565Z"}
{"level":"error","message":"An error has occurred while processing a request to handleGetParticipates for pool id undefined from ::1. Stack trace: SequelizeConnectionError: connect ETIMEDOUT\n    at ConnectionManager.connect (E:\\js\\bet-pool-server\\node_modules\\sequelize\\lib\\dialects\\mysql\\connection-manager.js:126:17)\n    at processTicksAndRejections (internal/process/task_queues.js:93:5)\n    at runNextTicks (internal/process/task_queues.js:62:3)\n    at processTimers (internal/timers.js:494:9)\n    at async ConnectionManager._connect (E:\\js\\bet-pool-server\\node_modules\\sequelize\\lib\\dialects\\abstract\\connection-manager.js:318:24)","timestamp":"2021-09-18T14:24:00.647Z"}
{"level":"error","message":"An error has occurred while processing a request to handleGetUserBets for pool id 11 from ::1. Stack trace: SequelizeConnectionError: connect ETIMEDOUT\n    at ConnectionManager.connect (E:\\js\\bet-pool-server\\node_modules\\sequelize\\lib\\dialects\\mysql\\connection-manager.js:126:17)\n    at processTicksAndRejections (internal/process/task_queues.js:93:5)\n    at runNextTicks (internal/process/task_queues.js:62:3)\n    at listOnTimeout (internal/timers.js:523:9)\n    at processTimers (internal/timers.js:497:7)\n    at async ConnectionManager._connect (E:\\js\\bet-pool-server\\node_modules\\sequelize\\lib\\dialects\\abstract\\connection-manager.js:318:24)","timestamp":"2021-09-18T14:28:24.356Z"}
{"level":"error","message":"An error has occurred while processing a request to handleGetParticipates for pool id 11 from ::1. Stack trace: SequelizeConnectionError: connect ETIMEDOUT\n    at ConnectionManager.connect (E:\\js\\bet-pool-server\\node_modules\\sequelize\\lib\\dialects\\mysql\\connection-manager.js:126:17)\n    at processTicksAndRejections (internal/process/task_queues.js:93:5)\n    at runNextTicks (internal/process/task_queues.js:62:3)\n    at processTimers (internal/timers.js:494:9)\n    at async ConnectionManager._connect (E:\\js\\bet-pool-server\\node_modules\\sequelize\\lib\\dialects\\abstract\\connection-manager.js:318:24)","timestamp":"2021-09-18T14:28:36.102Z"}
{"level":"error","message":"An error has occurred while processing a request to handleGetUserBets for pool id 11 from ::1. Stack trace: Error: WHERE parameter \"event_id\" has invalid \"undefined\" value\n    at MySQLQueryGenerator.whereItemQuery (E:\\js\\bet-pool-server\\node_modules\\sequelize\\lib\\dialects\\abstract\\query-generator.js:2269:13)\n    at E:\\js\\bet-pool-server\\node_modules\\sequelize\\lib\\dialects\\abstract\\query-generator.js:2258:25\n    at Array.forEach (<anonymous>)\n    at MySQLQueryGenerator.whereItemsQuery (E:\\js\\bet-pool-server\\node_modules\\sequelize\\lib\\dialects\\abstract\\query-generator.js:2256:35)\n    at MySQLQueryGenerator.getWhereConditions (E:\\js\\bet-pool-server\\node_modules\\sequelize\\lib\\dialects\\abstract\\query-generator.js:2674:19)\n    at MySQLQueryGenerator.selectQuery (E:\\js\\bet-pool-server\\node_modules\\sequelize\\lib\\dialects\\abstract\\query-generator.js:1325:28)\n    at MySQLQueryInterface.select (E:\\js\\bet-pool-server\\node_modules\\sequelize\\lib\\dialects\\abstract\\query-interface.js:954:27)\n    at Function.findAll (E:\\js\\bet-pool-server\\node_modules\\sequelize\\lib\\model.js:1753:47)\n    at processTicksAndRejections (internal/process/task_queues.js:93:5)","timestamp":"2021-09-18T14:30:09.365Z"}
{"level":"error","message":"An error has occurred while processing a request to handleGetUserBets for pool id 11 from ::1. Stack trace: TypeError: betModel.score is not a function\n    at E:\\js\\bet-pool-server\\handlers\\PoolHandler.js:188:44\n    at arrayMap (E:\\js\\bet-pool-server\\node_modules\\lodash\\lodash.js:639:23)\n    at Function.map (E:\\js\\bet-pool-server\\node_modules\\lodash\\lodash.js:9554:14)\n    at E:\\js\\bet-pool-server\\handlers\\PoolHandler.js:173:30\n    at processTicksAndRejections (internal/process/task_queues.js:93:5)","timestamp":"2021-09-18T14:48:47.302Z"}
{"level":"error","message":"An error has occurred while processing a request to handleGetUserBets for pool id 11 from ::1. Stack trace: TypeError: bets.reject is not a function\n    at E:\\js\\bet-pool-server\\handlers\\PoolHandler.js:198:33\n    at processTicksAndRejections (internal/process/task_queues.js:93:5)","timestamp":"2021-09-18T14:49:55.197Z"}
{"level":"error","message":"An error has occurred while processing a request to handleGetUserBets for pool id 11 from ::1. Stack trace: TypeError: bets.reject is not a function\n    at E:\\js\\bet-pool-server\\handlers\\PoolHandler.js:198:33\n    at processTicksAndRejections (internal/process/task_queues.js:93:5)","timestamp":"2021-09-18T14:58:21.928Z"}
{"level":"error","message":"An error has occurred while processing a request to handleGetUserBets for pool id 11 from ::1. Stack trace: SequelizeConnectionError: Connection lost: The server closed the connection.\n    at ConnectionManager.connect (E:\\js\\bet-pool-server\\node_modules\\sequelize\\lib\\dialects\\mysql\\connection-manager.js:126:17)\n    at async ConnectionManager._connect (E:\\js\\bet-pool-server\\node_modules\\sequelize\\lib\\dialects\\abstract\\connection-manager.js:318:24)","timestamp":"2021-09-18T15:20:16.169Z"}
{"level":"error","message":"An error has occurred while processing a request to handleGetUserBets for pool id 11 from ::1. Stack trace: SequelizeDatabaseError: Unknown column 'challenges.away_team_score' in 'field list'\n    at Query.formatError (E:\\js\\bet-pool-server\\node_modules\\sequelize\\lib\\dialects\\mysql\\query.js:265:16)\n    at Query.run (E:\\js\\bet-pool-server\\node_modules\\sequelize\\lib\\dialects\\mysql\\query.js:77:18)\n    at processTicksAndRejections (internal/process/task_queues.js:93:5)\n    at async E:\\js\\bet-pool-server\\node_modules\\sequelize\\lib\\sequelize.js:619:16\n    at async MySQLQueryInterface.select (E:\\js\\bet-pool-server\\node_modules\\sequelize\\lib\\dialects\\abstract\\query-interface.js:953:12)\n    at async Function.findAll (E:\\js\\bet-pool-server\\node_modules\\sequelize\\lib\\model.js:1753:21)\n    at async Function.findOne (E:\\js\\bet-pool-server\\node_modules\\sequelize\\lib\\model.js:1917:12)\n    at async Function.findByPk (E:\\js\\bet-pool-server\\node_modules\\sequelize\\lib\\model.js:1883:12)\n    at async Promise.all (index 1)","timestamp":"2021-09-18T15:45:39.861Z"}
{"level":"error","message":"An error has occurred while processing a request to handleGetUserBets for pool id 11 from ::1. Stack trace: SequelizeDatabaseError: Unknown column 'game.refName' in 'on clause'\n    at Query.formatError (E:\\js\\bet-pool-server\\node_modules\\sequelize\\lib\\dialects\\mysql\\query.js:265:16)\n    at Query.run (E:\\js\\bet-pool-server\\node_modules\\sequelize\\lib\\dialects\\mysql\\query.js:77:18)\n    at processTicksAndRejections (internal/process/task_queues.js:93:5)\n    at async E:\\js\\bet-pool-server\\node_modules\\sequelize\\lib\\sequelize.js:619:16\n    at async MySQLQueryInterface.select (E:\\js\\bet-pool-server\\node_modules\\sequelize\\lib\\dialects\\abstract\\query-interface.js:953:12)\n    at async Function.findAll (E:\\js\\bet-pool-server\\node_modules\\sequelize\\lib\\model.js:1753:21)\n    at async Promise.all (index 0)","timestamp":"2021-09-18T16:07:32.436Z"}
{"level":"error","message":"An error has occurred while processing a request to handleGetUserBets for pool id 11 from ::1. Stack trace: SequelizeEagerLoadingError: Game is associated to Challenge using an alias. You must use the 'as' keyword to specify the alias within your include statement.\n    at Function._getIncludedAssociation (E:\\js\\bet-pool-server\\node_modules\\sequelize\\lib\\model.js:722:13)\n    at Function._validateIncludedElement (E:\\js\\bet-pool-server\\node_modules\\sequelize\\lib\\model.js:614:53)\n    at E:\\js\\bet-pool-server\\node_modules\\sequelize\\lib\\model.js:509:37\n    at Array.map (<anonymous>)\n    at Function._validateIncludedElements (E:\\js\\bet-pool-server\\node_modules\\sequelize\\lib\\model.js:504:39)\n    at Function.findAll (E:\\js\\bet-pool-server\\node_modules\\sequelize\\lib\\model.js:1723:12)\n    at processTicksAndRejections (internal/process/task_queues.js:93:5)\n    at async Promise.all (index 0)","timestamp":"2021-09-18T16:15:32.738Z"}
{"level":"error","message":"An error has occurred while processing a request to handleGetUserBets for pool id 11 from ::1. Stack trace: SequelizeEagerLoadingError: Game is associated to Challenge using an alias. You've included an alias (games), but it does not match the alias(es) defined in your association (game).\n    at Function._getIncludedAssociation (E:\\js\\bet-pool-server\\node_modules\\sequelize\\lib\\model.js:719:15)\n    at Function._validateIncludedElement (E:\\js\\bet-pool-server\\node_modules\\sequelize\\lib\\model.js:614:53)\n    at E:\\js\\bet-pool-server\\node_modules\\sequelize\\lib\\model.js:509:37\n    at Array.map (<anonymous>)\n    at Function._validateIncludedElements (E:\\js\\bet-pool-server\\node_modules\\sequelize\\lib\\model.js:504:39)\n    at Function.findAll (E:\\js\\bet-pool-server\\node_modules\\sequelize\\lib\\model.js:1723:12)\n    at processTicksAndRejections (internal/process/task_queues.js:93:5)\n    at async Promise.all (index 0)","timestamp":"2021-09-18T16:16:24.253Z"}
{"level":"error","message":"An error has occurred while processing a request to handleGetUserBets for pool id 11 from ::1. Stack trace: SequelizeDatabaseError: Unknown column 'game.refName' in 'on clause'\n    at Query.formatError (E:\\js\\bet-pool-server\\node_modules\\sequelize\\lib\\dialects\\mysql\\query.js:265:16)\n    at Query.run (E:\\js\\bet-pool-server\\node_modules\\sequelize\\lib\\dialects\\mysql\\query.js:77:18)\n    at processTicksAndRejections (internal/process/task_queues.js:93:5)\n    at async E:\\js\\bet-pool-server\\node_modules\\sequelize\\lib\\sequelize.js:619:16\n    at async MySQLQueryInterface.select (E:\\js\\bet-pool-server\\node_modules\\sequelize\\lib\\dialects\\abstract\\query-interface.js:953:12)\n    at async Function.findAll (E:\\js\\bet-pool-server\\node_modules\\sequelize\\lib\\model.js:1753:21)\n    at async Promise.all (index 0)","timestamp":"2021-09-18T16:17:12.167Z"}
{"level":"info","message":"User  is not authorised. Request from address ::1.","timestamp":"2021-09-20T08:40:02.308Z"}
{"level":"info","message":"User amit.rotbard@gmail.com successfully logged out.  Address: ::1.","timestamp":"2021-09-20T10:57:48.659Z"}
{"level":"info","message":"User  is not authorised. Request from address ::1.","timestamp":"2021-09-22T07:34:31.930Z"}
{"level":"info","message":"http://api.football-data.org/v2/competitions/null/matches","timestamp":"2021-09-24T08:13:30.412Z"}
{"level":"info","message":"http://api.football-data.org/v2/competitions/2001/matches","timestamp":"2021-09-24T08:26:33.796Z"}
{"level":"info","message":"http://api.football-data.org/v2/competitions/2001/matches","timestamp":"2021-09-24T08:26:36.368Z"}
{"level":"info","message":"http://api.football-data.org/v2/competitions/2001/matches","timestamp":"2021-09-24T08:26:36.372Z"}
{"level":"info","message":"http://api.football-data.org/v2/competitions/2001/matches","timestamp":"2021-09-24T08:26:36.376Z"}
{"level":"info","message":"http://api.football-data.org/v2/competitions/2001/matches","timestamp":"2021-09-24T08:26:36.379Z"}
{"level":"info","message":"http://api.football-data.org/v2/competitions/2001/matches","timestamp":"2021-09-24T08:29:07.825Z"}
{"level":"info","message":"http://api.football-data.org/v2/competitions/2001/matches","timestamp":"2021-09-24T08:36:18.969Z"}
{"level":"info","message":"http://api.football-data.org/v2/competitions/2001/matches","timestamp":"2021-09-24T08:47:04.616Z"}
{"level":"info","message":"http://api.football-data.org/v2/competitions/2001/matches","timestamp":"2021-09-24T08:47:52.406Z"}
{"level":"info","message":"http://api.football-data.org/v2/competitions/2001/matches","timestamp":"2021-09-24T08:49:23.400Z"}
{"level":"info","message":"http://api.football-data.org/v2/competitions/2001/matches","timestamp":"2021-09-24T08:50:18.104Z"}
{"level":"info","message":"http://api.football-data.org/v2/competitions/2001/matches","timestamp":"2021-09-24T08:52:11.819Z"}
{"level":"info","message":"http://api.football-data.org/v2/competitions/2001/matches","timestamp":"2021-09-24T08:54:06.807Z"}
{"level":"info","message":"http://api.football-data.org/v2/competitions/2001/matches","timestamp":"2021-09-24T08:55:38.005Z"}
{"level":"info","message":"http://api.football-data.org/v2/competitions/2001/matches","timestamp":"2021-09-24T08:56:47.125Z"}
{"level":"info","message":"http://api.football-data.org/v2/competitions/2001/matches","timestamp":"2021-09-24T09:04:09.655Z"}
{"level":"info","message":"http://api.football-data.org/v2/competitions/2001/matches","timestamp":"2021-09-24T09:06:14.474Z"}
{"level":"info","message":"http://api.football-data.org/v2/competitions/2001/matches","timestamp":"2021-09-24T09:09:55.178Z"}
{"level":"info","message":"http://api.football-data.org/v2/competitions/2001/matches","timestamp":"2021-09-24T09:11:33.753Z"}
{"level":"info","message":"http://api.football-data.org/v2/competitions/2001/matches","timestamp":"2021-09-24T09:19:48.070Z"}
{"level":"info","message":"http://api.football-data.org/v2/competitions/2001/matches","timestamp":"2021-09-24T09:21:14.736Z"}
{"level":"info","message":"http://api.football-data.org/v2/competitions/2001/matches","timestamp":"2021-09-24T09:23:24.844Z"}
{"level":"info","message":"http://api.football-data.org/v2/competitions/2001/matches","timestamp":"2021-09-24T09:24:02.491Z"}
{"level":"info","message":"http://api.football-data.org/v2/competitions/2001/matches","timestamp":"2021-09-24T09:25:00.810Z"}
{"level":"info","message":"http://api.football-data.org/v2/competitions/2001/matches","timestamp":"2021-09-24T09:27:53.799Z"}
{"level":"info","message":"http://api.football-data.org/v2/competitions/2001/matches","timestamp":"2021-09-24T09:28:29.155Z"}
{"level":"info","message":"http://api.football-data.org/v2/competitions/2001/matches","timestamp":"2021-09-24T09:32:13.986Z"}
{"level":"info","message":"http://api.football-data.org/v2/competitions/2001/matches","timestamp":"2021-09-24T09:33:19.136Z"}
{"level":"info","message":"User  is not authorised. Request from address ::1.","timestamp":"2021-09-24T12:58:29.726Z"}
{"level":"info","message":"User  is not authorised. Request from address ::1.","timestamp":"2021-09-24T12:58:32.713Z"}
{"level":"info","message":"User  is not authorised. Request from address ::1.","timestamp":"2021-09-24T13:03:40.372Z"}
{"level":"info","message":"User Smart-Bot successfully logged in using application from: ::1.","timestamp":"2021-09-24T13:06:35.121Z"}
{"level":"info","message":"users not found or not active , no such id exists. Request from address ::1.","timestamp":"2021-09-24T19:38:32.604Z"}
{"level":"error","message":"An error has occurred while processing a request to add users to Pool from ::1. Stack trace: ReferenceError: Cannot access 'pool' before initialization\n    at E:\\js\\bet-pool-server\\handlers\\PoolHandler.js:423:73\n    at Array.forEach (<anonymous>)\n    at addParticipatesToPool (E:\\js\\bet-pool-server\\handlers\\PoolHandler.js:421:19)\n    at processTicksAndRejections (internal/process/task_queues.js:93:5)","timestamp":"2021-09-24T19:39:36.273Z"}
{"level":"error","message":"An error has occurred while processing a request to add participates for pool id 11 from ::1. Stack trace: ReferenceError: Cannot access 'pool' before initialization\n    at E:\\js\\bet-pool-server\\handlers\\PoolHandler.js:423:73\n    at Array.forEach (<anonymous>)\n    at addParticipatesToPool (E:\\js\\bet-pool-server\\handlers\\PoolHandler.js:421:19)\n    at processTicksAndRejections (internal/process/task_queues.js:93:5)","timestamp":"2021-09-24T19:39:36.275Z"}
{"level":"error","message":"An error has occurred while processing a request to add users to Pool from ::1. Stack trace: TypeError: userId.equals is not a function\n    at E:\\js\\bet-pool-server\\handlers\\PoolHandler.js:422:66\n    at arrayEach (E:\\js\\bet-pool-server\\node_modules\\lodash\\lodash.js:516:11)\n    at Function.forEach (E:\\js\\bet-pool-server\\node_modules\\lodash\\lodash.js:9342:14)\n    at addParticipatesToPool (E:\\js\\bet-pool-server\\handlers\\PoolHandler.js:420:15)\n    at processTicksAndRejections (internal/process/task_queues.js:93:5)","timestamp":"2021-09-24T19:43:19.459Z"}
{"level":"error","message":"An error has occurred while processing a request to add participates for pool id 11 from ::1. Stack trace: TypeError: userId.equals is not a function\n    at E:\\js\\bet-pool-server\\handlers\\PoolHandler.js:422:66\n    at arrayEach (E:\\js\\bet-pool-server\\node_modules\\lodash\\lodash.js:516:11)\n    at Function.forEach (E:\\js\\bet-pool-server\\node_modules\\lodash\\lodash.js:9342:14)\n    at addParticipatesToPool (E:\\js\\bet-pool-server\\handlers\\PoolHandler.js:420:15)\n    at processTicksAndRejections (internal/process/task_queues.js:93:5)","timestamp":"2021-09-24T19:43:19.461Z"}
{"level":"error","message":"An error has occurred while processing a request to add users to Pool from ::1. Stack trace: TypeError: Cannot destructure property 'transaction' of 'undefined' as it is undefined.\n    at Object.setParticipates (E:\\js\\bet-pool-server\\repositories\\poolRepository.js:41:50)\n    at addParticipatesToPool (E:\\js\\bet-pool-server\\handlers\\PoolHandler.js:431:37)\n    at processTicksAndRejections (internal/process/task_queues.js:93:5)","timestamp":"2021-09-24T19:45:27.215Z"}
{"level":"error","message":"An error has occurred while processing a request to add participates for pool id 11 from ::1. Stack trace: TypeError: Cannot destructure property 'transaction' of 'undefined' as it is undefined.\n    at Object.setParticipates (E:\\js\\bet-pool-server\\repositories\\poolRepository.js:41:50)\n    at addParticipatesToPool (E:\\js\\bet-pool-server\\handlers\\PoolHandler.js:431:37)\n    at processTicksAndRejections (internal/process/task_queues.js:93:5)","timestamp":"2021-09-24T19:45:27.217Z"}
{"level":"error","message":"An error has occurred while processing a request to add users to Pool from ::1. Stack trace: SequelizeEagerLoadingError: PoolParticipant is associated to Pool using an alias. You must use the 'as' keyword to specify the alias within your include statement.\n    at Function._getIncludedAssociation (E:\\js\\bet-pool-server\\node_modules\\sequelize\\lib\\model.js:722:13)\n    at Function._validateIncludedElement (E:\\js\\bet-pool-server\\node_modules\\sequelize\\lib\\model.js:614:53)\n    at E:\\js\\bet-pool-server\\node_modules\\sequelize\\lib\\model.js:509:37\n    at Array.map (<anonymous>)\n    at Function._validateIncludedElements (E:\\js\\bet-pool-server\\node_modules\\sequelize\\lib\\model.js:504:39)\n    at Function.findAll (E:\\js\\bet-pool-server\\node_modules\\sequelize\\lib\\model.js:1723:12)\n    at processTicksAndRejections (internal/process/task_queues.js:93:5)\n    at async Function.findOne (E:\\js\\bet-pool-server\\node_modules\\sequelize\\lib\\model.js:1917:12)\n    at async Function.findByPk (E:\\js\\bet-pool-server\\node_modules\\sequelize\\lib\\model.js:1883:12)\n    at async Object.setParticipates (E:\\js\\bet-pool-server\\repositories\\poolRepository.js:42:22)","timestamp":"2021-09-24T19:49:14.737Z"}
{"level":"error","message":"An error has occurred while processing a request to add participates for pool id 11 from ::1. Stack trace: SequelizeEagerLoadingError: PoolParticipant is associated to Pool using an alias. You must use the 'as' keyword to specify the alias within your include statement.\n    at Function._getIncludedAssociation (E:\\js\\bet-pool-server\\node_modules\\sequelize\\lib\\model.js:722:13)\n    at Function._validateIncludedElement (E:\\js\\bet-pool-server\\node_modules\\sequelize\\lib\\model.js:614:53)\n    at E:\\js\\bet-pool-server\\node_modules\\sequelize\\lib\\model.js:509:37\n    at Array.map (<anonymous>)\n    at Function._validateIncludedElements (E:\\js\\bet-pool-server\\node_modules\\sequelize\\lib\\model.js:504:39)\n    at Function.findAll (E:\\js\\bet-pool-server\\node_modules\\sequelize\\lib\\model.js:1723:12)\n    at processTicksAndRejections (internal/process/task_queues.js:93:5)\n    at async Function.findOne (E:\\js\\bet-pool-server\\node_modules\\sequelize\\lib\\model.js:1917:12)\n    at async Function.findByPk (E:\\js\\bet-pool-server\\node_modules\\sequelize\\lib\\model.js:1883:12)\n    at async Object.setParticipates (E:\\js\\bet-pool-server\\repositories\\poolRepository.js:42:22)","timestamp":"2021-09-24T19:49:14.739Z"}
{"level":"error","message":"An error has occurred while processing a request to add users to Pool from ::1. Stack trace: SequelizeEagerLoadingError: PoolParticipant is associated to Pool using an alias. You've included an alias (participants), but it does not match the alias(es) defined in your association (participates).\n    at Function._getIncludedAssociation (E:\\js\\bet-pool-server\\node_modules\\sequelize\\lib\\model.js:719:15)\n    at Function._validateIncludedElement (E:\\js\\bet-pool-server\\node_modules\\sequelize\\lib\\model.js:614:53)\n    at E:\\js\\bet-pool-server\\node_modules\\sequelize\\lib\\model.js:509:37\n    at Array.map (<anonymous>)\n    at Function._validateIncludedElements (E:\\js\\bet-pool-server\\node_modules\\sequelize\\lib\\model.js:504:39)\n    at Function.findAll (E:\\js\\bet-pool-server\\node_modules\\sequelize\\lib\\model.js:1723:12)\n    at processTicksAndRejections (internal/process/task_queues.js:93:5)\n    at async Function.findOne (E:\\js\\bet-pool-server\\node_modules\\sequelize\\lib\\model.js:1917:12)\n    at async Function.findByPk (E:\\js\\bet-pool-server\\node_modules\\sequelize\\lib\\model.js:1883:12)\n    at async Object.setParticipates (E:\\js\\bet-pool-server\\repositories\\poolRepository.js:42:22)","timestamp":"2021-09-24T19:53:13.508Z"}
{"level":"error","message":"An error has occurred while processing a request to add participates for pool id 11 from ::1. Stack trace: SequelizeEagerLoadingError: PoolParticipant is associated to Pool using an alias. You've included an alias (participants), but it does not match the alias(es) defined in your association (participates).\n    at Function._getIncludedAssociation (E:\\js\\bet-pool-server\\node_modules\\sequelize\\lib\\model.js:719:15)\n    at Function._validateIncludedElement (E:\\js\\bet-pool-server\\node_modules\\sequelize\\lib\\model.js:614:53)\n    at E:\\js\\bet-pool-server\\node_modules\\sequelize\\lib\\model.js:509:37\n    at Array.map (<anonymous>)\n    at Function._validateIncludedElements (E:\\js\\bet-pool-server\\node_modules\\sequelize\\lib\\model.js:504:39)\n    at Function.findAll (E:\\js\\bet-pool-server\\node_modules\\sequelize\\lib\\model.js:1723:12)\n    at processTicksAndRejections (internal/process/task_queues.js:93:5)\n    at async Function.findOne (E:\\js\\bet-pool-server\\node_modules\\sequelize\\lib\\model.js:1917:12)\n    at async Function.findByPk (E:\\js\\bet-pool-server\\node_modules\\sequelize\\lib\\model.js:1883:12)\n    at async Object.setParticipates (E:\\js\\bet-pool-server\\repositories\\poolRepository.js:42:22)","timestamp":"2021-09-24T19:53:13.511Z"}
{"level":"error","message":"An error has occurred while processing a request to add participates for pool id 11 from ::1. Stack trace: SequelizeEagerLoadingError: PoolParticipant is associated to Pool using an alias. You've included an alias (participates), but it does not match the alias(es) defined in your association (Participants).\n    at Function._getIncludedAssociation (E:\\js\\bet-pool-server\\node_modules\\sequelize\\lib\\model.js:719:15)\n    at Function._validateIncludedElement (E:\\js\\bet-pool-server\\node_modules\\sequelize\\lib\\model.js:614:53)\n    at E:\\js\\bet-pool-server\\node_modules\\sequelize\\lib\\model.js:509:37\n    at Array.map (<anonymous>)\n    at Function._validateIncludedElements (E:\\js\\bet-pool-server\\node_modules\\sequelize\\lib\\model.js:504:39)\n    at Function.findAll (E:\\js\\bet-pool-server\\node_modules\\sequelize\\lib\\model.js:1723:12)\n    at processTicksAndRejections (internal/process/task_queues.js:93:5)\n    at async Function.findOne (E:\\js\\bet-pool-server\\node_modules\\sequelize\\lib\\model.js:1917:12)\n    at async Function.findByPk (E:\\js\\bet-pool-server\\node_modules\\sequelize\\lib\\model.js:1883:12)","timestamp":"2021-09-24T19:57:55.186Z"}
{"level":"error","message":"An error has occurred while processing a request to add participates for pool id 11 from ::1. Stack trace: SequelizeEagerLoadingError: PoolParticipant is associated to Pool using an alias. You've included an alias (participates), but it does not match the alias(es) defined in your association (participants).\n    at Function._getIncludedAssociation (E:\\js\\bet-pool-server\\node_modules\\sequelize\\lib\\model.js:719:15)\n    at Function._validateIncludedElement (E:\\js\\bet-pool-server\\node_modules\\sequelize\\lib\\model.js:614:53)\n    at E:\\js\\bet-pool-server\\node_modules\\sequelize\\lib\\model.js:509:37\n    at Array.map (<anonymous>)\n    at Function._validateIncludedElements (E:\\js\\bet-pool-server\\node_modules\\sequelize\\lib\\model.js:504:39)\n    at Function.findAll (E:\\js\\bet-pool-server\\node_modules\\sequelize\\lib\\model.js:1723:12)\n    at processTicksAndRejections (internal/process/task_queues.js:93:5)\n    at async Function.findOne (E:\\js\\bet-pool-server\\node_modules\\sequelize\\lib\\model.js:1917:12)\n    at async Function.findByPk (E:\\js\\bet-pool-server\\node_modules\\sequelize\\lib\\model.js:1883:12)","timestamp":"2021-09-24T19:58:35.042Z"}
{"level":"error","message":"An error has occurred while processing a request to add users to Pool from ::1. Stack trace: SequelizeEagerLoadingError: PoolParticipant is associated to Pool using an alias. You've included an alias (participants), but it does not match the alias(es) defined in your association (participates).\n    at Function._getIncludedAssociation (E:\\js\\bet-pool-server\\node_modules\\sequelize\\lib\\model.js:719:15)\n    at Function._validateIncludedElement (E:\\js\\bet-pool-server\\node_modules\\sequelize\\lib\\model.js:614:53)\n    at E:\\js\\bet-pool-server\\node_modules\\sequelize\\lib\\model.js:509:37\n    at Array.map (<anonymous>)\n    at Function._validateIncludedElements (E:\\js\\bet-pool-server\\node_modules\\sequelize\\lib\\model.js:504:39)\n    at Function.findAll (E:\\js\\bet-pool-server\\node_modules\\sequelize\\lib\\model.js:1723:12)\n    at processTicksAndRejections (internal/process/task_queues.js:93:5)\n    at async Function.findOne (E:\\js\\bet-pool-server\\node_modules\\sequelize\\lib\\model.js:1917:12)\n    at async Function.findByPk (E:\\js\\bet-pool-server\\node_modules\\sequelize\\lib\\model.js:1883:12)\n    at async Object.setParticipates (E:\\js\\bet-pool-server\\repositories\\poolRepository.js:42:22)","timestamp":"2021-09-24T20:02:04.370Z"}
{"level":"error","message":"An error has occurred while processing a request to add participates for pool id 11 from ::1. Stack trace: SequelizeEagerLoadingError: PoolParticipant is associated to Pool using an alias. You've included an alias (participants), but it does not match the alias(es) defined in your association (participates).\n    at Function._getIncludedAssociation (E:\\js\\bet-pool-server\\node_modules\\sequelize\\lib\\model.js:719:15)\n    at Function._validateIncludedElement (E:\\js\\bet-pool-server\\node_modules\\sequelize\\lib\\model.js:614:53)\n    at E:\\js\\bet-pool-server\\node_modules\\sequelize\\lib\\model.js:509:37\n    at Array.map (<anonymous>)\n    at Function._validateIncludedElements (E:\\js\\bet-pool-server\\node_modules\\sequelize\\lib\\model.js:504:39)\n    at Function.findAll (E:\\js\\bet-pool-server\\node_modules\\sequelize\\lib\\model.js:1723:12)\n    at processTicksAndRejections (internal/process/task_queues.js:93:5)\n    at async Function.findOne (E:\\js\\bet-pool-server\\node_modules\\sequelize\\lib\\model.js:1917:12)\n    at async Function.findByPk (E:\\js\\bet-pool-server\\node_modules\\sequelize\\lib\\model.js:1883:12)\n    at async Object.setParticipates (E:\\js\\bet-pool-server\\repositories\\poolRepository.js:42:22)","timestamp":"2021-09-24T20:02:04.372Z"}
{"level":"info","message":"add users to Pool11 has been created.Request from address ::1.","timestamp":"2021-09-24T20:03:57.527Z"}
{"level":"info","message":"add users to Pool11 has been created.Request from address ::1.","timestamp":"2021-09-24T20:05:07.321Z"}
{"level":"error","message":"An error has occurred while processing a request to add users to Pool from ::1. Stack trace: ReferenceError: participates is not defined\n    at addParticipatesToPool (E:\\js\\bet-pool-server\\handlers\\PoolHandler.js:432:62)\n    at processTicksAndRejections (internal/process/task_queues.js:93:5)","timestamp":"2021-09-24T20:09:12.480Z"}
{"level":"error","message":"An error has occurred while processing a request to add participates for pool id 11 from ::1. Stack trace: ReferenceError: participates is not defined\n    at addParticipatesToPool (E:\\js\\bet-pool-server\\handlers\\PoolHandler.js:432:62)\n    at processTicksAndRejections (internal/process/task_queues.js:93:5)","timestamp":"2021-09-24T20:09:12.482Z"}
{"level":"error","message":"An error has occurred while processing a request to add users to Pool from ::1. Stack trace: SequelizeValidationError: notNull Violation: PoolParticipant.poolId cannot be null\n    at InstanceValidator._validate (E:\\js\\bet-pool-server\\node_modules\\sequelize\\lib\\instance-validator.js:78:13)\n    at processTicksAndRejections (internal/process/task_queues.js:93:5)\n    at async InstanceValidator._validateAndRunHooks (E:\\js\\bet-pool-server\\node_modules\\sequelize\\lib\\instance-validator.js:111:7)\n    at async InstanceValidator.validate (E:\\js\\bet-pool-server\\node_modules\\sequelize\\lib\\instance-validator.js:93:12)\n    at async Function.update (E:\\js\\bet-pool-server\\node_modules\\sequelize\\lib\\model.js:3076:26)\n    at async Promise.all (index 0)\n    at async HasMany.set (E:\\js\\bet-pool-server\\node_modules\\sequelize\\lib\\associations\\has-many.js:389:5)\n    at async addParticipatesToPool (E:\\js\\bet-pool-server\\handlers\\PoolHandler.js:432:20)","timestamp":"2021-09-24T20:11:25.007Z"}
{"level":"error","message":"An error has occurred while processing a request to add participates for pool id 11 from ::1. Stack trace: SequelizeValidationError: notNull Violation: PoolParticipant.poolId cannot be null\n    at InstanceValidator._validate (E:\\js\\bet-pool-server\\node_modules\\sequelize\\lib\\instance-validator.js:78:13)\n    at processTicksAndRejections (internal/process/task_queues.js:93:5)\n    at async InstanceValidator._validateAndRunHooks (E:\\js\\bet-pool-server\\node_modules\\sequelize\\lib\\instance-validator.js:111:7)\n    at async InstanceValidator.validate (E:\\js\\bet-pool-server\\node_modules\\sequelize\\lib\\instance-validator.js:93:12)\n    at async Function.update (E:\\js\\bet-pool-server\\node_modules\\sequelize\\lib\\model.js:3076:26)\n    at async Promise.all (index 0)\n    at async HasMany.set (E:\\js\\bet-pool-server\\node_modules\\sequelize\\lib\\associations\\has-many.js:389:5)\n    at async addParticipatesToPool (E:\\js\\bet-pool-server\\handlers\\PoolHandler.js:432:20)","timestamp":"2021-09-24T20:11:25.010Z"}
{"level":"error","message":"An error has occurred while processing a request to add users to Pool from ::1. Stack trace: SequelizeValidationError: notNull Violation: PoolParticipant.poolId cannot be null\n    at InstanceValidator._validate (E:\\js\\bet-pool-server\\node_modules\\sequelize\\lib\\instance-validator.js:78:13)\n    at processTicksAndRejections (internal/process/task_queues.js:93:5)\n    at async InstanceValidator._validateAndRunHooks (E:\\js\\bet-pool-server\\node_modules\\sequelize\\lib\\instance-validator.js:111:7)\n    at async InstanceValidator.validate (E:\\js\\bet-pool-server\\node_modules\\sequelize\\lib\\instance-validator.js:93:12)\n    at async Function.update (E:\\js\\bet-pool-server\\node_modules\\sequelize\\lib\\model.js:3076:26)\n    at async Promise.all (index 0)\n    at async HasMany.set (E:\\js\\bet-pool-server\\node_modules\\sequelize\\lib\\associations\\has-many.js:389:5)\n    at async addParticipatesToPool (E:\\js\\bet-pool-server\\handlers\\PoolHandler.js:432:20)","timestamp":"2021-09-24T20:26:46.073Z"}
{"level":"error","message":"An error has occurred while processing a request to add participates for pool id 11 from ::1. Stack trace: SequelizeValidationError: notNull Violation: PoolParticipant.poolId cannot be null\n    at InstanceValidator._validate (E:\\js\\bet-pool-server\\node_modules\\sequelize\\lib\\instance-validator.js:78:13)\n    at processTicksAndRejections (internal/process/task_queues.js:93:5)\n    at async InstanceValidator._validateAndRunHooks (E:\\js\\bet-pool-server\\node_modules\\sequelize\\lib\\instance-validator.js:111:7)\n    at async InstanceValidator.validate (E:\\js\\bet-pool-server\\node_modules\\sequelize\\lib\\instance-validator.js:93:12)\n    at async Function.update (E:\\js\\bet-pool-server\\node_modules\\sequelize\\lib\\model.js:3076:26)\n    at async Promise.all (index 0)\n    at async HasMany.set (E:\\js\\bet-pool-server\\node_modules\\sequelize\\lib\\associations\\has-many.js:389:5)\n    at async addParticipatesToPool (E:\\js\\bet-pool-server\\handlers\\PoolHandler.js:432:20)","timestamp":"2021-09-24T20:26:46.078Z"}
{"level":"info","message":"add users to Pool11 has been created.Request from address ::1.","timestamp":"2021-09-24T20:32:50.744Z"}
{"level":"info","message":"add users to Pool11 has been created.Request from address ::1.","timestamp":"2021-09-24T22:29:29.495Z"}
{"level":"info","message":"add users to Pool11 has been created.Request from address ::1.","timestamp":"2021-09-24T22:30:26.672Z"}
{"level":"error","message":"An error has occurred while processing a request to add users to Pool from ::1. Stack trace: SequelizeUniqueConstraintError: Validation error\n    at Query.formatError (E:\\js\\bet-pool-server\\node_modules\\sequelize\\lib\\dialects\\mysql\\query.js:242:16)\n    at Query.run (E:\\js\\bet-pool-server\\node_modules\\sequelize\\lib\\dialects\\mysql\\query.js:77:18)\n    at processTicksAndRejections (internal/process/task_queues.js:93:5)\n    at async E:\\js\\bet-pool-server\\node_modules\\sequelize\\lib\\sequelize.js:619:16\n    at async MySQLQueryInterface.bulkInsert (E:\\js\\bet-pool-server\\node_modules\\sequelize\\lib\\dialects\\abstract\\query-interface.js:833:21)\n    at async recursiveBulkCreate (E:\\js\\bet-pool-server\\node_modules\\sequelize\\lib\\model.js:2698:25)\n    at async Function.bulkCreate (E:\\js\\bet-pool-server\\node_modules\\sequelize\\lib\\model.js:2824:12)\n    at async Promise.all (index 1)\n    at async BelongsToMany.set (E:\\js\\bet-pool-server\\node_modules\\sequelize\\lib\\associations\\belongs-to-many.js:646:14)\n    at async addParticipatesToPool (E:\\js\\bet-pool-server\\handlers\\PoolHandler.js:432:20)","timestamp":"2021-09-24T22:37:10.724Z"}
{"level":"error","message":"An error has occurred while processing a request to add participates for pool id 11 from ::1. Stack trace: SequelizeUniqueConstraintError: Validation error\n    at Query.formatError (E:\\js\\bet-pool-server\\node_modules\\sequelize\\lib\\dialects\\mysql\\query.js:242:16)\n    at Query.run (E:\\js\\bet-pool-server\\node_modules\\sequelize\\lib\\dialects\\mysql\\query.js:77:18)\n    at processTicksAndRejections (internal/process/task_queues.js:93:5)\n    at async E:\\js\\bet-pool-server\\node_modules\\sequelize\\lib\\sequelize.js:619:16\n    at async MySQLQueryInterface.bulkInsert (E:\\js\\bet-pool-server\\node_modules\\sequelize\\lib\\dialects\\abstract\\query-interface.js:833:21)\n    at async recursiveBulkCreate (E:\\js\\bet-pool-server\\node_modules\\sequelize\\lib\\model.js:2698:25)\n    at async Function.bulkCreate (E:\\js\\bet-pool-server\\node_modules\\sequelize\\lib\\model.js:2824:12)\n    at async Promise.all (index 1)\n    at async BelongsToMany.set (E:\\js\\bet-pool-server\\node_modules\\sequelize\\lib\\associations\\belongs-to-many.js:646:14)\n    at async addParticipatesToPool (E:\\js\\bet-pool-server\\handlers\\PoolHandler.js:432:20)","timestamp":"2021-09-24T22:37:10.726Z"}
{"level":"info","message":"add users to Poolundefined has been created.Request from address ::1.","timestamp":"2021-09-24T22:38:58.370Z"}
{"level":"info","message":"add users to Poolundefined has been created.Request from address ::1.","timestamp":"2021-09-24T22:42:32.283Z"}
{"level":"info","message":"add users to Pool11 has been created.Request from address ::1.","timestamp":"2021-09-24T22:43:48.312Z"}
{"level":"error","message":"An error has occurred while processing a request to add users to Pool from ::1. Stack trace: TypeError: pool.setAccount is not a function\n    at Object.setParticipates (E:\\js\\bet-pool-server\\repositories\\poolRepository.js:43:21)\n    at processTicksAndRejections (internal/process/task_queues.js:93:5)\n    at async addParticipatesToPool (E:\\js\\bet-pool-server\\handlers\\PoolHandler.js:432:20)","timestamp":"2021-09-24T22:45:14.467Z"}
{"level":"error","message":"An error has occurred while processing a request to add participates for pool id 11 from ::1. Stack trace: TypeError: pool.setAccount is not a function\n    at Object.setParticipates (E:\\js\\bet-pool-server\\repositories\\poolRepository.js:43:21)\n    at processTicksAndRejections (internal/process/task_queues.js:93:5)\n    at async addParticipatesToPool (E:\\js\\bet-pool-server\\handlers\\PoolHandler.js:432:20)","timestamp":"2021-09-24T22:45:14.468Z"}
{"level":"info","message":"add users to Pool11 has been created.Request from address ::1.","timestamp":"2021-09-24T22:48:42.222Z"}
{"level":"info","message":"add users to Pool11 has been created.Request from address ::1.","timestamp":"2021-09-24T22:52:06.897Z"}
{"level":"info","message":"add users to Pool11 has been created.Request from address ::1.","timestamp":"2021-09-24T22:53:21.531Z"}
{"level":"info","message":"add users to Pool11 has been created.Request from address ::1.","timestamp":"2021-09-24T22:54:38.674Z"}
{"level":"info","message":"add users to Pool11 has been created.Request from address ::1.","timestamp":"2021-09-24T22:56:42.199Z"}
{"level":"error","message":{},"timestamp":"2021-09-25T09:38:32.930Z"}
{"level":"error","message":{},"timestamp":"2021-09-25T09:38:53.284Z"}
{"level":"info","message":"http://api.football-data.org/v2/competitions/2001/matches","timestamp":"2021-09-25T09:41:37.340Z"}
{"level":"info","message":"http://api.football-data.org/v2/competitions/2001/matches","timestamp":"2021-09-25T09:42:23.730Z"}
{"level":"info","message":"http://api.football-data.org/v2/competitions/2001/matches","timestamp":"2021-09-25T09:43:20.513Z"}
{"level":"info","message":"http://api.football-data.org/v2/competitions/2001/matches","timestamp":"2021-09-25T09:44:09.047Z"}
{"level":"info","message":"http://api.football-data.org/v2/competitions/2001/matches","timestamp":"2021-09-25T09:45:23.239Z"}
{"level":"info","message":"http://api.football-data.org/v2/competitions/2001/matches","timestamp":"2021-09-25T12:13:59.606Z"}
{"level":"info","message":"http://api.football-data.org/v2/competitions/2001/matches","timestamp":"2021-09-25T12:15:16.159Z"}
{"level":"info","message":"http://api.football-data.org/v2/competitions/2001/matches","timestamp":"2021-09-25T12:16:21.823Z"}
{"level":"info","message":"http://api.football-data.org/v2/competitions/2001/matches","timestamp":"2021-09-25T12:18:11.638Z"}
{"level":"info","message":"http://api.football-data.org/v2/competitions/2001/matches","timestamp":"2021-09-25T12:19:23.642Z"}
{"level":"info","message":"http://api.football-data.org/v2/competitions/2001/matches","timestamp":"2021-09-25T12:21:53.111Z"}
{"level":"info","message":"http://api.football-data.org/v2/competitions/2001/matches","timestamp":"2021-09-25T12:22:31.519Z"}
{"level":"info","message":"http://api.football-data.org/v2/competitions/2001/matches","timestamp":"2021-09-25T12:48:30.075Z"}
{"level":"info","message":"http://api.football-data.org/v2/competitions/2001/matches","timestamp":"2021-09-25T12:57:18.201Z"}
{"level":"info","message":"http://api.football-data.org/v2/competitions/2001/matches","timestamp":"2021-09-25T12:59:25.580Z"}
{"level":"info","message":"http://api.football-data.org/v2/competitions/2001/matches","timestamp":"2021-09-25T13:00:22.958Z"}
{"level":"info","message":"http://api.football-data.org/v2/competitions/2001/matches","timestamp":"2021-09-25T13:02:03.670Z"}
{"level":"info","message":"User  is not authorised. Request from address ::1.","timestamp":"2021-09-25T13:21:26.844Z"}
{"level":"info","message":"http://api.football-data.org/v2/competitions/2001/matches","timestamp":"2021-09-25T13:25:01.495Z"}
{"level":"info","message":"http://api.football-data.org/v2/competitions/2001/matches","timestamp":"2021-09-25T13:28:01.503Z"}
{"level":"info","message":"http://api.football-data.org/v2/competitions/2001/matches","timestamp":"2021-09-25T13:32:00.327Z"}
{"level":"info","message":"http://api.football-data.org/v2/competitions/2001/matches","timestamp":"2021-09-25T13:44:00.901Z"}
{"level":"info","message":"http://api.football-data.org/v2/competitions/2001/matches","timestamp":"2021-09-25T14:00:02.107Z"}
{"level":"info","message":"http://api.football-data.org/v2/competitions/2001/matches","timestamp":"2021-09-25T14:04:00.860Z"}
{"level":"info","message":"attempt (authenticate.js): User  is not authorised. Request from address ::1.","timestamp":"2021-09-26T13:35:22.883Z"}
{"level":"info","message":"arrayMap (lodash.js): http://api.football-data.org/v2/competitions/2001/matches","timestamp":"2021-09-27T14:34:22.869Z"}
{"level":"info","message":"http://api.football-data.org/v2/competitions/2001/matches","timestamp":"2021-09-27T15:12:03.951Z"}
{"level":"info","message":"http://api.football-data.org/v2/competitions/2001/matches","timestamp":"2021-09-28T11:23:02.283Z"}
{"level":"info","message":"User Smart-Bot successfully logged in using application from: ::1.","timestamp":"2021-09-28T17:28:24.544Z"}
{"level":"info","message":"User  is not authorised. Request from address ::1.","timestamp":"2021-10-01T15:20:42.268Z"}
{"level":"error","message":"An error has occurred while processing a request  from ::1. Stack trace: SequelizeConnectionRefusedError: connect ECONNREFUSED 127.0.0.1:3306\n    at ConnectionManager.connect (E:\\js\\bet-pool-server\\node_modules\\sequelize\\lib\\dialects\\mysql\\connection-manager.js:116:17)\n    at processTicksAndRejections (internal/process/task_queues.js:93:5)\n    at async ConnectionManager._connect (E:\\js\\bet-pool-server\\node_modules\\sequelize\\lib\\dialects\\abstract\\connection-manager.js:318:24)\n    at async E:\\js\\bet-pool-server\\node_modules\\sequelize\\lib\\dialects\\abstract\\connection-manager.js:250:32\n    at async ConnectionManager.getConnection (E:\\js\\bet-pool-server\\node_modules\\sequelize\\lib\\dialects\\abstract\\connection-manager.js:280:7)\n    at async E:\\js\\bet-pool-server\\node_modules\\sequelize\\lib\\sequelize.js:613:26\n    at async MySQLQueryInterface.select (E:\\js\\bet-pool-server\\node_modules\\sequelize\\lib\\dialects\\abstract\\query-interface.js:953:12)\n    at async Function.findAll (E:\\js\\bet-pool-server\\node_modules\\sequelize\\lib\\model.js:1753:21)\n    at async Function.findOne (E:\\js\\bet-pool-server\\node_modules\\sequelize\\lib\\model.js:1917:12)","timestamp":"2021-10-04T22:14:16.436Z"}
{"level":"info","message":"User Smart-Bot successfully logged out.  Address: ::1.","timestamp":"2021-10-09T20:30:06.984Z"}
{"level":"info","message":"User  is not authorised. Request from address ::1.","timestamp":"2021-10-10T20:40:28.030Z"}
{"level":"info","message":"User Smart-Bot successfully logged in using application from: ::1.","timestamp":"2021-10-10T20:50:49.060Z"}
{"level":"info","message":"bet for11 has been submitted.Request from address ::1.","timestamp":"2021-10-10T22:22:46.024Z"}
{"level":"error","message":"An error has occurred while processing a request to create a Bet from ::1. Stack trace: SequelizeUniqueConstraintError: Validation error\n    at Query.formatError (E:\\js\\bet-pool-server\\node_modules\\sequelize\\lib\\dialects\\mysql\\query.js:242:16)\n    at Query.run (E:\\js\\bet-pool-server\\node_modules\\sequelize\\lib\\dialects\\mysql\\query.js:77:18)\n    at processTicksAndRejections (internal/process/task_queues.js:93:5)\n    at async E:\\js\\bet-pool-server\\node_modules\\sequelize\\lib\\sequelize.js:619:16\n    at async MySQLQueryInterface.insert (E:\\js\\bet-pool-server\\node_modules\\sequelize\\lib\\dialects\\abstract\\query-interface.js:749:21)\n    at async model.save (E:\\js\\bet-pool-server\\node_modules\\sequelize\\lib\\model.js:3978:35)\n    at async Function.create (E:\\js\\bet-pool-server\\node_modules\\sequelize\\lib\\model.js:2218:12)\n    at async Object.createOrUpdate (E:\\js\\bet-pool-server\\repositories\\betRepository.js:16:3)","timestamp":"2021-10-10T22:28:27.398Z"}
{"level":"error","message":"An error has occurred while processing a request to create a Bet from ::1. Stack trace: SequelizeDatabaseError: Unknown column 'score1' in 'field list'\n    at Query.formatError (E:\\js\\bet-pool-server\\node_modules\\sequelize\\lib\\dialects\\mysql\\query.js:265:16)\n    at Query.run (E:\\js\\bet-pool-server\\node_modules\\sequelize\\lib\\dialects\\mysql\\query.js:77:18)\n    at processTicksAndRejections (internal/process/task_queues.js:93:5)\n    at async E:\\js\\bet-pool-server\\node_modules\\sequelize\\lib\\sequelize.js:619:16\n    at async MySQLQueryInterface.insert (E:\\js\\bet-pool-server\\node_modules\\sequelize\\lib\\dialects\\abstract\\query-interface.js:749:21)\n    at async model.save (E:\\js\\bet-pool-server\\node_modules\\sequelize\\lib\\model.js:3978:35)\n    at async Function.create (E:\\js\\bet-pool-server\\node_modules\\sequelize\\lib\\model.js:2218:12)\n    at async Object.createOrUpdate (E:\\js\\bet-pool-server\\repositories\\betRepository.js:16:3)","timestamp":"2021-10-10T22:29:51.765Z"}
{"level":"error","message":"An error has occurred while processing a request to create a Bet from ::1. Stack trace: SequelizeDatabaseError: Unknown column 'score1' in 'field list'\n    at Query.formatError (E:\\js\\bet-pool-server\\node_modules\\sequelize\\lib\\dialects\\mysql\\query.js:265:16)\n    at Query.run (E:\\js\\bet-pool-server\\node_modules\\sequelize\\lib\\dialects\\mysql\\query.js:77:18)\n    at runMicrotasks (<anonymous>)\n    at processTicksAndRejections (internal/process/task_queues.js:93:5)\n    at async E:\\js\\bet-pool-server\\node_modules\\sequelize\\lib\\sequelize.js:619:16\n    at async MySQLQueryInterface.insert (E:\\js\\bet-pool-server\\node_modules\\sequelize\\lib\\dialects\\abstract\\query-interface.js:749:21)\n    at async model.save (E:\\js\\bet-pool-server\\node_modules\\sequelize\\lib\\model.js:3978:35)\n    at async Function.create (E:\\js\\bet-pool-server\\node_modules\\sequelize\\lib\\model.js:2218:12)\n    at async Object.createOrUpdate (E:\\js\\bet-pool-server\\repositories\\betRepository.js:16:3)","timestamp":"2021-10-11T19:00:16.926Z"}
{"level":"info","message":"bet for11 has been submitted.Request from address ::1.","timestamp":"2021-10-11T19:22:46.225Z"}
{"level":"error","message":"An error has occurred while processing a request to create a Bet from ::1. Stack trace: ReferenceError: poolId is not defined\n    at Object.createOrUpdate (E:\\js\\bet-pool-server\\repositories\\betRepository.js:13:24)\n    at E:\\js\\bet-pool-server\\handlers\\BetHandler.js:73:31\n    at processTicksAndRejections (internal/process/task_queues.js:93:5)","timestamp":"2021-10-11T20:14:05.823Z"}
{"level":"info","message":"bet for11 has been submitted.Request from address ::1.","timestamp":"2021-10-11T20:15:11.784Z"}
{"level":"info","message":"bet for11 has been submitted.Request from address ::1.","timestamp":"2021-10-11T20:20:47.059Z"}
{"level":"error","message":"An error has occurred while processing a request to create a Bet from ::1. Stack trace: ReferenceError: bet is not defined\n    at E:\\js\\bet-pool-server\\handlers\\BetHandler.js:78:55\n    at processTicksAndRejections (internal/process/task_queues.js:93:5)","timestamp":"2021-10-11T20:20:47.064Z"}
{"level":"info","message":"bet for11 has been submitted.Request from address ::1.","timestamp":"2021-10-11T20:31:14.110Z"}
{"level":"info","message":"bet for11 has been submitted.Request from address ::1.","timestamp":"2021-10-11T20:34:11.828Z"}
{"level":"info","message":"http://api.football-data.org/v2/competitions/2001/matches","timestamp":"2021-10-19T17:17:01.528Z"}
{"level":"info","message":"http://api.football-data.org/v2/competitions/2001/matches","timestamp":"2021-10-19T18:04:01.532Z"}
{"level":"info","message":"http://api.football-data.org/v2/competitions/2001/matches","timestamp":"2021-10-19T18:12:01.580Z"}
{"level":"info","message":"http://api.football-data.org/v2/competitions/2001/matches","timestamp":"2021-10-19T18:18:01.546Z"}
{"level":"info","message":"http://api.football-data.org/v2/competitions/2001/matches","timestamp":"2021-10-19T18:41:01.548Z"}
{"level":"info","message":"http://api.football-data.org/v2/competitions/2001/matches","timestamp":"2021-10-19T18:42:01.632Z"}
{"level":"info","message":"http://api.football-data.org/v2/competitions/2001/matches","timestamp":"2021-10-19T18:50:40.332Z"}
{"level":"info","message":"http://api.football-data.org/v2/competitions/2001/matches","timestamp":"2021-10-19T19:22:00.816Z"}
{"level":"info","message":"http://api.football-data.org/v2/competitions/2001/matches","timestamp":"2021-10-19T19:29:01.489Z"}
{"level":"info","message":"http://api.football-data.org/v2/competitions/2001/matches","timestamp":"2021-10-19T19:42:01.528Z"}
{"level":"info","message":"http://api.football-data.org/v2/competitions/2001/matches","timestamp":"2021-10-19T19:45:01.528Z"}
{"level":"info","message":"http://api.football-data.org/v2/competitions/2001/matches","timestamp":"2021-10-19T19:50:01.522Z"}
{"level":"info","message":"User  is not authorised. Request from address ::1.","timestamp":"2021-10-20T19:10:45.368Z"}
{"level":"info","message":"http://api.football-data.org/v2/competitions/2001/matches","timestamp":"2021-10-20T21:11:00.758Z"}
{"level":"info","message":"User  is not authorised. Request from address ::1.","timestamp":"2021-10-22T13:59:02.265Z"}
{"level":"info","message":"User  is not authorised. Request from address ::1.","timestamp":"2021-10-23T15:18:35.041Z"}
{"level":"info","message":"User  is not authorised. Request from address ::1.","timestamp":"2021-10-24T22:35:42.538Z"}
{"level":"info","message":"User  is not authorised. Request from address ::1.","timestamp":"2021-10-26T13:37:02.589Z"}
{"level":"info","message":"bet for11 has been submitted.Request from address ::1.","timestamp":"2021-10-26T14:09:07.641Z"}
{"level":"info","message":"User  is not authorised. Request from address ::1.","timestamp":"2021-10-28T19:27:23.171Z"}
{"level":"error","message":"An error has occurred while processing a request to handleGetParticipates for pool id 11 from ::1. Stack trace: TypeError: poolScore.rounds is not a function\n    at _.reduce.score (E:\\js\\bet-pool-server\\handlers\\PoolHandler.js:133:31)\n    at E:\\js\\bet-pool-server\\node_modules\\lodash\\lodash.js:928:11\n    at E:\\js\\bet-pool-server\\node_modules\\lodash\\lodash.js:4967:15\n    at baseForOwn (E:\\js\\bet-pool-server\\node_modules\\lodash\\lodash.js:3032:24)\n    at E:\\js\\bet-pool-server\\node_modules\\lodash\\lodash.js:4936:18\n    at baseReduce (E:\\js\\bet-pool-server\\node_modules\\lodash\\lodash.js:925:5)\n    at Function.reduce (E:\\js\\bet-pool-server\\node_modules\\lodash\\lodash.js:9749:14)\n    at E:\\js\\bet-pool-server\\handlers\\PoolHandler.js:110:37\n    at arrayMap (E:\\js\\bet-pool-server\\node_modules\\lodash\\lodash.js:653:23)\n    at Function.map (E:\\js\\bet-pool-server\\node_modules\\lodash\\lodash.js:9622:14)\n    at E:\\js\\bet-pool-server\\handlers\\PoolHandler.js:105:36\n    at processTicksAndRejections (internal/process/task_queues.js:93:5)","timestamp":"2021-10-28T19:30:46.038Z"}
{"level":"info","message":"User  is not authorised. Request from address ::1.","timestamp":"2021-10-29T08:49:58.984Z"}
{"level":"info","message":"User  is not authorised. Request from address ::1.","timestamp":"2021-10-29T15:51:49.211Z"}
{"level":"info","message":"http://api.football-data.org/v2/competitions/2001/matches","timestamp":"2021-10-30T14:14:21.293Z"}
{"level":"info","message":"http://api.football-data.org/v2/competitions/2001/matches","timestamp":"2021-10-30T14:18:12.284Z"}
{"level":"info","message":"http://api.football-data.org/v2/competitions/2001/matches","timestamp":"2021-10-30T14:18:50.349Z"}
{"level":"info","message":"http://api.football-data.org/v2/competitions/2001/matches","timestamp":"2021-10-30T14:19:12.082Z"}
{"level":"info","message":"http://api.football-data.org/v2/competitions/2001/matches","timestamp":"2021-10-30T14:19:22.950Z"}
{"level":"info","message":"http://api.football-data.org/v2/competitions/2001/matches","timestamp":"2021-10-30T14:19:57.751Z"}
{"level":"info","message":"http://api.football-data.org/v2/competitions/2001/matches","timestamp":"2021-10-30T14:21:50.544Z"}
{"level":"info","message":"http://api.football-data.org/v2/competitions/2001/matches","timestamp":"2021-10-30T14:25:36.324Z"}
{"level":"info","message":"http://api.football-data.org/v2/competitions/2001/matches","timestamp":"2021-10-30T14:25:53.841Z"}
{"level":"info","message":"http://api.football-data.org/v2/competitions/2001/matches","timestamp":"2021-10-30T14:26:27.660Z"}
{"level":"info","message":"http://api.football-data.org/v2/competitions/2001/matches","timestamp":"2021-10-30T14:30:11.626Z"}
{"level":"info","message":"http://api.football-data.org/v2/competitions/2001/matches","timestamp":"2021-10-30T14:31:36.208Z"}
{"level":"info","message":"http://api.football-data.org/v2/competitions/2001/matches","timestamp":"2021-10-30T14:37:01.757Z"}
{"level":"info","message":"http://api.football-data.org/v2/competitions/2001/matches","timestamp":"2021-10-30T14:37:51.609Z"}
{"level":"info","message":"User  is not authorised. Request from address ::1.","timestamp":"2021-11-01T22:55:46.256Z"}
{"level":"info","message":"http://api.football-data.org/v2/competitions/2001/matches","timestamp":"2021-11-02T18:22:00.777Z"}
{"level":"info","message":"http://api.football-data.org/v2/competitions/2001/matches","timestamp":"2021-11-05T21:29:01.668Z"}
{"level":"info","message":"User  is not authorised. Request from address ::1.","timestamp":"2021-11-06T18:06:47.133Z"}
{"level":"info","message":"bet for11 has been submitted.Request from address ::1.","timestamp":"2021-11-07T16:52:36.334Z"}
{"level":"info","message":"User  is not authorised. Request from address ::1.","timestamp":"2021-11-13T14:55:56.807Z"}
{"level":"info","message":"User  is not authorised. Request from address ::1.","timestamp":"2021-11-13T19:05:45.140Z"}
{"level":"info","message":"User  is not authorised. Request from address ::1.","timestamp":"2021-11-13T19:05:45.145Z"}
{"level":"info","message":"User  is not authorised. Request from address ::1.","timestamp":"2021-11-16T19:27:20.484Z"}
{"level":"info","message":"User Smart-Bot successfully logged in using application from: ::1.","timestamp":"2021-11-16T20:13:55.162Z"}
{"level":"info","message":"User  is not authorised. Request from address ::1.","timestamp":"2021-11-16T21:02:23.999Z"}
{"level":"info","message":"User  is not authorised. Request from address ::1.","timestamp":"2021-11-16T21:02:24.008Z"}
{"level":"info","message":"User Smart-Bot successfully logged in using application from: ::1.","timestamp":"2021-11-16T21:06:12.717Z"}
{"level":"info","message":"User  is not authorised. Request from address ::1.","timestamp":"2021-11-20T07:03:31.166Z"}
{"level":"info","message":"User  is not authorised. Request from address ::1.","timestamp":"2021-11-20T07:03:31.195Z"}
{"level":"info","message":"bet for11 has been submitted.Request from address ::1.","timestamp":"2021-11-20T17:46:06.467Z"}
{"level":"info","message":"bet for11 has been submitted.Request from address ::1.","timestamp":"2021-11-20T18:09:13.706Z"}
{"level":"info","message":"User  is not authorised. Request from address ::1.","timestamp":"2021-11-26T20:47:08.545Z"}
{"level":"error","message":"An error has occurred while processing a request to create a Pool from ::1. Stack trace: TypeError: Cannot read property '_id' of undefined\n    at E:\\js\\bet-pool-server\\handlers\\BetHandler.js:73:91\n    at runMicrotasks (<anonymous>)\n    at processTicksAndRejections (internal/process/task_queues.js:93:5)","timestamp":"2021-11-26T21:12:47.767Z"}
{"level":"error","message":"An error has occurred while processing a request to create a Bet from ::1. Stack trace: TypeError: Cannot destructure property 'transaction' of 'undefined' as it is undefined.\n    at Object.createOrUpdate (E:\\js\\bet-pool-server\\repositories\\betRepository.js:12:30)\n    at E:\\js\\bet-pool-server\\handlers\\BetHandler.js:73:31\n    at processTicksAndRejections (internal/process/task_queues.js:93:5)","timestamp":"2021-11-26T21:14:09.687Z"}
{"level":"error","message":"An error has occurred while processing a request to create a Bet from ::1. Stack trace: Error: WHERE parameter \"challenge_id\" has invalid \"undefined\" value\n    at MySQLQueryGenerator.whereItemQuery (E:\\js\\bet-pool-server\\node_modules\\sequelize\\lib\\dialects\\abstract\\query-generator.js:2269:13)\n    at E:\\js\\bet-pool-server\\node_modules\\sequelize\\lib\\dialects\\abstract\\query-generator.js:2258:25\n    at Array.forEach (<anonymous>)\n    at MySQLQueryGenerator.whereItemsQuery (E:\\js\\bet-pool-server\\node_modules\\sequelize\\lib\\dialects\\abstract\\query-generator.js:2256:35)\n    at MySQLQueryGenerator.getWhereConditions (E:\\js\\bet-pool-server\\node_modules\\sequelize\\lib\\dialects\\abstract\\query-generator.js:2674:19)\n    at MySQLQueryGenerator.selectQuery (E:\\js\\bet-pool-server\\node_modules\\sequelize\\lib\\dialects\\abstract\\query-generator.js:1325:28)\n    at MySQLQueryInterface.select (E:\\js\\bet-pool-server\\node_modules\\sequelize\\lib\\dialects\\abstract\\query-interface.js:954:27)\n    at Function.findAll (E:\\js\\bet-pool-server\\node_modules\\sequelize\\lib\\model.js:1753:47)\n    at processTicksAndRejections (internal/process/task_queues.js:93:5)\n    at async Object.createOrUpdate (E:\\js\\bet-pool-server\\repositories\\betRepository.js:15:14)","timestamp":"2021-11-26T21:15:02.587Z"}
{"level":"error","message":"An error has occurred while processing a request to create a Bet from ::1. Stack trace: Error: WHERE parameter \"challenge_id\" has invalid \"undefined\" value\n    at MySQLQueryGenerator.whereItemQuery (E:\\js\\bet-pool-server\\node_modules\\sequelize\\lib\\dialects\\abstract\\query-generator.js:2269:13)\n    at E:\\js\\bet-pool-server\\node_modules\\sequelize\\lib\\dialects\\abstract\\query-generator.js:2258:25\n    at Array.forEach (<anonymous>)\n    at MySQLQueryGenerator.whereItemsQuery (E:\\js\\bet-pool-server\\node_modules\\sequelize\\lib\\dialects\\abstract\\query-generator.js:2256:35)\n    at MySQLQueryGenerator.getWhereConditions (E:\\js\\bet-pool-server\\node_modules\\sequelize\\lib\\dialects\\abstract\\query-generator.js:2674:19)\n    at MySQLQueryGenerator.selectQuery (E:\\js\\bet-pool-server\\node_modules\\sequelize\\lib\\dialects\\abstract\\query-generator.js:1325:28)\n    at MySQLQueryInterface.select (E:\\js\\bet-pool-server\\node_modules\\sequelize\\lib\\dialects\\abstract\\query-interface.js:954:27)\n    at Function.findAll (E:\\js\\bet-pool-server\\node_modules\\sequelize\\lib\\model.js:1753:47)\n    at processTicksAndRejections (internal/process/task_queues.js:93:5)\n    at async Object.createOrUpdate (E:\\js\\bet-pool-server\\repositories\\betRepository.js:15:14)","timestamp":"2021-11-26T21:15:57.728Z"}
{"level":"error","message":"An error has occurred while processing a request to create a Bet from ::1. Stack trace: Error: WHERE parameter \"user_id\" has invalid \"undefined\" value\n    at MySQLQueryGenerator.whereItemQuery (E:\\js\\bet-pool-server\\node_modules\\sequelize\\lib\\dialects\\abstract\\query-generator.js:2269:13)\n    at E:\\js\\bet-pool-server\\node_modules\\sequelize\\lib\\dialects\\abstract\\query-generator.js:2258:25\n    at Array.forEach (<anonymous>)\n    at MySQLQueryGenerator.whereItemsQuery (E:\\js\\bet-pool-server\\node_modules\\sequelize\\lib\\dialects\\abstract\\query-generator.js:2256:35)\n    at MySQLQueryGenerator.getWhereConditions (E:\\js\\bet-pool-server\\node_modules\\sequelize\\lib\\dialects\\abstract\\query-generator.js:2674:19)\n    at MySQLQueryGenerator.selectQuery (E:\\js\\bet-pool-server\\node_modules\\sequelize\\lib\\dialects\\abstract\\query-generator.js:1325:28)\n    at MySQLQueryInterface.select (E:\\js\\bet-pool-server\\node_modules\\sequelize\\lib\\dialects\\abstract\\query-interface.js:954:27)\n    at Function.findAll (E:\\js\\bet-pool-server\\node_modules\\sequelize\\lib\\model.js:1753:47)\n    at processTicksAndRejections (internal/process/task_queues.js:93:5)\n    at async Object.createOrUpdate (E:\\js\\bet-pool-server\\repositories\\betRepository.js:15:14)","timestamp":"2021-11-26T21:17:33.436Z"}
{"level":"info","message":"bet for11 has been submitted.Request from address ::1.","timestamp":"2021-11-26T21:18:21.719Z"}
{"level":"info","message":"User  is not authorised. Request from address ::1.","timestamp":"2021-11-27T15:26:25.840Z"}
{"level":"info","message":"User  is not authorised. Request from address ::1.","timestamp":"2021-11-27T15:26:25.846Z"}
{"level":"info","message":"bet for11 has been submitted.Request from address ::1.","timestamp":"2021-11-27T15:31:26.524Z"}
{"level":"info","message":"User  is not authorised. Request from address ::1.","timestamp":"2021-12-02T17:34:09.091Z"}
{"level":"error","message":"An error has occurred while processing a request  from ::1. Stack trace: SequelizeConnectionError: connect ETIMEDOUT\n    at ConnectionManager.connect (E:\\js\\bet-pool-server\\node_modules\\sequelize\\lib\\dialects\\mysql\\connection-manager.js:126:17)\n    at processTicksAndRejections (internal/process/task_queues.js:93:5)\n    at async ConnectionManager._connect (E:\\js\\bet-pool-server\\node_modules\\sequelize\\lib\\dialects\\abstract\\connection-manager.js:318:24)\n    at async E:\\js\\bet-pool-server\\node_modules\\sequelize\\lib\\dialects\\abstract\\connection-manager.js:250:32","timestamp":"2021-12-02T20:39:03.229Z"}
{"level":"error","message":"An error has occurred while processing a request  from ::1. Stack trace: SequelizeConnectionError: connect ETIMEDOUT\n    at ConnectionManager.connect (E:\\js\\bet-pool-server\\node_modules\\sequelize\\lib\\dialects\\mysql\\connection-manager.js:126:17)\n    at processTicksAndRejections (internal/process/task_queues.js:93:5)\n    at async ConnectionManager._connect (E:\\js\\bet-pool-server\\node_modules\\sequelize\\lib\\dialects\\abstract\\connection-manager.js:318:24)\n    at async E:\\js\\bet-pool-server\\node_modules\\sequelize\\lib\\dialects\\abstract\\connection-manager.js:250:32","timestamp":"2021-12-02T20:39:03.236Z"}
{"level":"info","message":"User Smart-Bot successfully logged in using application from: ::1.","timestamp":"2021-12-02T20:41:52.669Z"}
{"level":"info","message":"User Smart-Bot successfully logged out.  Address: ::1.","timestamp":"2021-12-02T23:03:51.291Z"}
{"level":"info","message":"User  is not authorised. Request from address ::1.","timestamp":"2021-12-08T18:07:37.769Z"}
{"level":"info","message":"http://api.football-data.org/v2/competitions/2001/matches","timestamp":"2021-12-08T18:26:01.388Z"}
{"level":"info","message":"http://api.football-data.org/v2/competitions/2001/matches","timestamp":"2021-12-08T18:33:39.880Z"}
{"level":"info","message":"http://api.football-data.org/v2/competitions/2001/matches","timestamp":"2021-12-08T18:35:00.740Z"}
{"level":"info","message":"User  is not authorised. Request from address ::1.","timestamp":"2021-12-09T20:49:44.109Z"}
{"level":"info","message":"User  is not authorised. Request from address ::1.","timestamp":"2021-12-10T21:46:00.892Z"}
{"level":"info","message":"User  is not authorised. Request from address ::1.","timestamp":"2021-12-10T21:47:20.855Z"}
{"level":"info","message":"User  is not authorised. Request from address ::1.","timestamp":"2021-12-10T21:49:32.101Z"}
{"level":"info","message":"User  is not authorised. Request from address ::1.","timestamp":"2021-12-14T19:34:00.097Z"}
{"level":"info","message":"User Smart-Bot successfully logged in using application from: ::1.","timestamp":"2021-12-14T20:13:21.923Z"}
{"level":"info","message":"User Smart-Bot successfully logged in using application from: ::1.","timestamp":"2021-12-14T20:24:24.780Z"}
{"level":"error","message":"Bad login request from ::1 SequelizeConnectionError: connect ETIMEDOUT","timestamp":"2021-12-14T20:28:05.512Z"}
{"level":"error","message":"An error has occurred while processing a request to handleGetUserBets for pool id 11 from undefined. Stack trace: SequelizeConnectionAcquireTimeoutError: Operation timeout\n    at ConnectionManager.getConnection (E:\\js\\bet-pool-server\\node_modules\\sequelize\\lib\\dialects\\abstract\\connection-manager.js:288:48)\n    at async E:\\js\\bet-pool-server\\node_modules\\sequelize\\lib\\sequelize.js:613:26\n    at async MySQLQueryInterface.select (E:\\js\\bet-pool-server\\node_modules\\sequelize\\lib\\dialects\\abstract\\query-interface.js:953:12)\n    at async Function.findAll (E:\\js\\bet-pool-server\\node_modules\\sequelize\\lib\\model.js:1753:21)\n    at async Function.findOne (E:\\js\\bet-pool-server\\node_modules\\sequelize\\lib\\model.js:1917:12)\n    at async Function.findByPk (E:\\js\\bet-pool-server\\node_modules\\sequelize\\lib\\model.js:1883:12)\n    at async Promise.all (index 1)","timestamp":"2021-12-14T20:28:54.999Z"}
{"level":"info","message":"User  is not authorised. Request from address ::1.","timestamp":"2021-12-20T20:31:33.899Z"}
{"level":"error","message":"An error has occurred while processing a request to handleGetParticipates for pool id 11 from ::1. Stack trace: TypeError: poolModel.toJSON is not a function\n    at E:\\js\\bet-pool-server\\handlers\\PoolHandler.js:99:44\n    at runMicrotasks (<anonymous>)\n    at processTicksAndRejections (internal/process/task_queues.js:93:5)","timestamp":"2021-12-20T21:03:19.416Z"}
{"level":"info","message":"User Smart-Bot successfully logged out.  Address: ::1.","timestamp":"2021-12-20T22:20:53.656Z"}
{"level":"info","message":"User  is not authorised. Request from address ::1.","timestamp":"2021-12-31T20:56:37.940Z"}
{"level":"info","message":"User  is not authorised. Request from address ::1.","timestamp":"2022-01-06T14:04:07.857Z"}
{"level":"error","message":"An error has occurred while processing a request to handleGetUserBets for pool id 11 from ::1. Stack trace: SequelizeDatabaseError: Unknown column 'pools.poolId' in 'on clause'\n    at Query.formatError (E:\\js\\bet-pool-server\\node_modules\\sequelize\\lib\\dialects\\mysql\\query.js:265:16)\n    at Query.run (E:\\js\\bet-pool-server\\node_modules\\sequelize\\lib\\dialects\\mysql\\query.js:77:18)\n    at processTicksAndRejections (internal/process/task_queues.js:93:5)\n    at async E:\\js\\bet-pool-server\\node_modules\\sequelize\\lib\\sequelize.js:619:16\n    at async MySQLQueryInterface.select (E:\\js\\bet-pool-server\\node_modules\\sequelize\\lib\\dialects\\abstract\\query-interface.js:953:12)\n    at async Function.findAll (E:\\js\\bet-pool-server\\node_modules\\sequelize\\lib\\model.js:1753:21)\n    at async Object.findById (E:\\js\\bet-pool-server\\repositories\\poolRepository.js:14:28)\n    at async Promise.all (index 1)","timestamp":"2022-01-06T18:13:20.705Z"}
{"level":"error","message":"An error has occurred while processing a request to handleGetUserBets for pool id 11 from ::1. Stack trace: SequelizeDatabaseError: Unknown column 'pools.poolId' in 'on clause'\n    at Query.formatError (E:\\js\\bet-pool-server\\node_modules\\sequelize\\lib\\dialects\\mysql\\query.js:265:16)\n    at Query.run (E:\\js\\bet-pool-server\\node_modules\\sequelize\\lib\\dialects\\mysql\\query.js:77:18)\n    at processTicksAndRejections (internal/process/task_queues.js:93:5)\n    at async E:\\js\\bet-pool-server\\node_modules\\sequelize\\lib\\sequelize.js:619:16\n    at async MySQLQueryInterface.select (E:\\js\\bet-pool-server\\node_modules\\sequelize\\lib\\dialects\\abstract\\query-interface.js:953:12)\n    at async Function.findAll (E:\\js\\bet-pool-server\\node_modules\\sequelize\\lib\\model.js:1753:21)\n    at async Object.findById (E:\\js\\bet-pool-server\\repositories\\poolRepository.js:14:28)\n    at async Promise.all (index 1)","timestamp":"2022-01-06T18:16:24.558Z"}
{"level":"info","message":"User Smart-Bot successfully logged out.  Address: ::1.","timestamp":"2022-01-06T19:24:51.438Z"}
{"level":"info","message":"User demo@365win.bet successfully logged in using application from: ::1.","timestamp":"2022-01-06T19:25:19.779Z"}
{"level":"info","message":"User demo@365win.bet successfully logged out.  Address: ::1.","timestamp":"2022-01-06T19:33:26.944Z"}
{"level":"info","message":"User  is not authorised. Request from address ::1.","timestamp":"2022-01-14T15:07:58.997Z"}
{"level":"info","message":"User  is not authorised. Request from address ::1.","timestamp":"2022-01-14T15:07:59.006Z"}
{"level":"info","message":"User  is not authorised. Request from address ::1.","timestamp":"2022-02-02T21:43:05.261Z"}
{"level":"info","message":"User  is not authorised. Request from address ::1.","timestamp":"2022-02-02T21:43:05.264Z"}
{"level":"info","message":"User amit.rotbard@gmail.com successfully logged in using application from: ::1.","timestamp":"2022-02-02T22:04:12.788Z"}
{"level":"info","message":"User  is not authorised. Request from address ::1.","timestamp":"2022-02-02T22:14:29.879Z"}
{"level":"info","message":"User  is not authorised. Request from address ::1.","timestamp":"2022-02-02T22:14:29.886Z"}
{"level":"error","message":"An error has occurred while processing a request  from ::1. Stack trace: SequelizeConnectionRefusedError: connect ECONNREFUSED 127.0.0.1:3306\n    at ConnectionManager.connect (E:\\js\\bet-pool-server\\node_modules\\sequelize\\lib\\dialects\\mysql\\connection-manager.js:116:17)\n    at processTicksAndRejections (internal/process/task_queues.js:93:5)\n    at async ConnectionManager._connect (E:\\js\\bet-pool-server\\node_modules\\sequelize\\lib\\dialects\\abstract\\connection-manager.js:318:24)\n    at async E:\\js\\bet-pool-server\\node_modules\\sequelize\\lib\\dialects\\abstract\\connection-manager.js:250:32\n    at async ConnectionManager.getConnection (E:\\js\\bet-pool-server\\node_modules\\sequelize\\lib\\dialects\\abstract\\connection-manager.js:280:7)\n    at async E:\\js\\bet-pool-server\\node_modules\\sequelize\\lib\\sequelize.js:613:26\n    at async MySQLQueryInterface.select (E:\\js\\bet-pool-server\\node_modules\\sequelize\\lib\\dialects\\abstract\\query-interface.js:953:12)\n    at async Function.findAll (E:\\js\\bet-pool-server\\node_modules\\sequelize\\lib\\model.js:1753:21)\n    at async Function.findOne (E:\\js\\bet-pool-server\\node_modules\\sequelize\\lib\\model.js:1917:12)","timestamp":"2022-02-06T08:58:13.468Z"}
{"level":"error","message":"An error has occurred while processing a request  from ::1. Stack trace: SequelizeConnectionError: Client does not support authentication protocol requested by server; consider upgrading MySQL client\n    at ConnectionManager.connect (E:\\js\\bet-pool-server\\node_modules\\sequelize\\lib\\dialects\\mysql\\connection-manager.js:126:17)\n    at processTicksAndRejections (internal/process/task_queues.js:93:5)\n    at async ConnectionManager._connect (E:\\js\\bet-pool-server\\node_modules\\sequelize\\lib\\dialects\\abstract\\connection-manager.js:318:24)\n    at async E:\\js\\bet-pool-server\\node_modules\\sequelize\\lib\\dialects\\abstract\\connection-manager.js:250:32\n    at async ConnectionManager.getConnection (E:\\js\\bet-pool-server\\node_modules\\sequelize\\lib\\dialects\\abstract\\connection-manager.js:280:7)\n    at async E:\\js\\bet-pool-server\\node_modules\\sequelize\\lib\\sequelize.js:613:26\n    at async MySQLQueryInterface.select (E:\\js\\bet-pool-server\\node_modules\\sequelize\\lib\\dialects\\abstract\\query-interface.js:953:12)\n    at async Function.findAll (E:\\js\\bet-pool-server\\node_modules\\sequelize\\lib\\model.js:1753:21)\n    at async Function.findOne (E:\\js\\bet-pool-server\\node_modules\\sequelize\\lib\\model.js:1917:12)","timestamp":"2022-02-06T09:18:42.923Z"}
{"level":"info","message":"User  is not authorised. Request from address ::1.","timestamp":"2022-02-06T09:44:09.938Z"}
{"level":"info","message":"http://api.football-data.org/v2/competitions/2001/matches","timestamp":"2022-02-08T19:13:49.781Z"}
{"level":"info","message":"http://api.football-data.org/v2/competitions/2001/matches","timestamp":"2022-02-08T19:13:49.791Z"}
{"level":"info","message":"http://api.football-data.org/v2/competitions/2001/matches","timestamp":"2022-02-08T19:53:03.821Z"}
{"level":"info","message":"http://api.football-data.org/v2/competitions/2001/matches","timestamp":"2022-02-08T19:53:03.831Z"}
{"level":"info","message":"http://api.football-data.org/v2/competitions/2001/matches","timestamp":"2022-02-08T20:01:11.472Z"}
{"level":"info","message":"http://api.football-data.org/v2/competitions/2001/matches","timestamp":"2022-02-08T20:01:11.476Z"}
{"level":"info","message":"http://api.football-data.org/v2/competitions/2001/matches","timestamp":"2022-02-08T20:04:46.767Z"}
{"level":"info","message":"http://api.football-data.org/v2/competitions/2001/matches","timestamp":"2022-02-08T20:04:46.773Z"}
{"level":"info","message":"http://api.football-data.org/v2/competitions/2001/matches","timestamp":"2022-02-08T20:12:33.702Z"}
{"level":"info","message":"http://api.football-data.org/v2/competitions/2001/matches","timestamp":"2022-02-08T20:12:33.707Z"}
{"level":"info","message":"http://api.football-data.org/v2/competitions/2001/matches","timestamp":"2022-02-08T20:13:44.618Z"}
{"level":"info","message":"http://api.football-data.org/v2/competitions/2001/matches","timestamp":"2022-02-08T20:13:44.623Z"}
{"level":"info","message":"http://api.football-data.org/v2/competitions/2001/matches","timestamp":"2022-02-08T20:14:57.266Z"}
{"level":"info","message":"http://api.football-data.org/v2/competitions/2001/matches","timestamp":"2022-02-08T20:14:57.270Z"}
{"level":"info","message":"http://api.football-data.org/v2/competitions/2001/matches","timestamp":"2022-02-08T20:17:09.397Z"}
{"level":"info","message":"http://api.football-data.org/v2/competitions/2001/matches","timestamp":"2022-02-08T20:17:09.403Z"}
{"level":"info","message":"http://api.football-data.org/v2/competitions/2001/matches","timestamp":"2022-02-08T20:17:33.555Z"}
{"level":"info","message":"http://api.football-data.org/v2/competitions/2001/matches","timestamp":"2022-02-08T20:17:33.561Z"}
{"level":"info","message":"http://api.football-data.org/v2/competitions/2001/matches","timestamp":"2022-02-08T20:18:54.716Z"}
{"level":"info","message":"http://api.football-data.org/v2/competitions/2001/matches","timestamp":"2022-02-08T20:18:54.719Z"}
{"level":"info","message":"http://api.football-data.org/v2/competitions/2001/matches","timestamp":"2022-02-08T21:39:00.435Z"}
{"level":"info","message":"http://api.football-data.org/v2/competitions/2001/matches","timestamp":"2022-02-08T21:39:00.441Z"}
{"level":"info","message":"http://api.football-data.org/v2/competitions/2001/matches","timestamp":"2022-02-08T21:40:00.808Z"}
{"level":"info","message":"http://api.football-data.org/v2/competitions/2001/matches","timestamp":"2022-02-08T21:40:00.813Z"}
{"level":"info","message":"http://api.football-data.org/v2/competitions/2001/matches","timestamp":"2022-02-08T21:41:00.325Z"}
{"level":"info","message":"http://api.football-data.org/v2/competitions/2001/matches","timestamp":"2022-02-08T21:41:00.331Z"}
{"level":"info","message":"http://api.football-data.org/v2/competitions/2001/matches","timestamp":"2022-02-08T22:26:00.828Z"}
{"level":"info","message":"http://api.football-data.org/v2/competitions/2001/matches","timestamp":"2022-02-08T22:26:00.836Z"}
{"level":"error","message":"An error has occurred while processing a request to add users to Pool from ::1. Stack trace: TypeError: Cannot read property 'addAccount' of null\n    at Object.setParticipates (E:\\js\\bet-pool-server\\repositories\\poolRepository.js:52:21)\n    at processTicksAndRejections (internal/process/task_queues.js:93:5)\n    at async addParticipatesToPool (E:\\js\\bet-pool-server\\handlers\\PoolHandler.js:418:16)","timestamp":"2022-02-08T22:33:46.065Z"}
{"level":"error","message":"An error has occurred while processing a request to add participates for pool id 12 from ::1. Stack trace: TypeError: Cannot read property 'addAccount' of null\n    at Object.setParticipates (E:\\js\\bet-pool-server\\repositories\\poolRepository.js:52:21)\n    at processTicksAndRejections (internal/process/task_queues.js:93:5)\n    at async addParticipatesToPool (E:\\js\\bet-pool-server\\handlers\\PoolHandler.js:418:16)","timestamp":"2022-02-08T22:33:46.067Z"}
{"level":"error","message":"An error has occurred while processing a request to add participates for pool id 12 from ::1. Stack trace: TypeError: pool.toJSON is not a function\n    at E:\\js\\bet-pool-server\\handlers\\PoolHandler.js:270:43\n    at processTicksAndRejections (internal/process/task_queues.js:93:5)","timestamp":"2022-02-08T22:37:57.060Z"}
{"level":"info","message":"http://api.football-data.org/v2/competitions/2001/matches","timestamp":"2022-02-08T22:40:01.410Z"}
{"level":"info","message":"http://api.football-data.org/v2/competitions/2001/matches","timestamp":"2022-02-08T22:40:01.417Z"}
{"level":"info","message":"http://api.football-data.org/v2/competitions/2001/matches","timestamp":"2022-02-09T19:53:01.863Z"}
{"level":"info","message":"http://api.football-data.org/v2/competitions/2001/matches","timestamp":"2022-02-09T19:53:01.867Z"}
{"level":"error","message":"An error has occurred while processing a request  from ::1. Stack trace: TypeError: Account.create(...).save is not a function\n    at E:\\js\\bet-pool-server\\passport.js:28:96\n    at processTicksAndRejections (internal/process/task_queues.js:93:5)","timestamp":"2022-02-09T20:26:36.741Z"}
{"level":"error","message":"An error has occurred while processing a request  from ::1. Stack trace: TypeError: Cannot destructure property 'transaction' of 'undefined' as it is undefined.\n    at Object.createAccount (E:\\js\\bet-pool-server\\repositories\\accountRepository.js:11:26)\n    at E:\\js\\bet-pool-server\\passport.js:29:42\n    at processTicksAndRejections (internal/process/task_queues.js:93:5)","timestamp":"2022-02-09T20:33:19.394Z"}
{"level":"info","message":"http://api.football-data.org/v2/competitions/2001/matches","timestamp":"2022-02-09T20:34:01.501Z"}
{"level":"info","message":"User yanivshiloah@blabla.com successfully logged out.  Address: ::1.","timestamp":"2022-02-09T20:46:28.466Z"}
{"level":"info","message":"User  is not authorised. Request from address ::1.","timestamp":"2022-02-11T13:15:44.031Z"}
{"level":"info","message":"User  is not authorised. Request from address ::1.","timestamp":"2022-02-11T13:15:44.037Z"}
{"level":"info","message":"http://api.football-data.org/v2/competitions/2001/matches","timestamp":"2022-02-12T09:54:02.258Z"}
{"level":"info","message":"http://api.football-data.org/v2/competitions/2001/matches","timestamp":"2022-02-12T10:35:01.479Z"}
{"level":"info","message":"http://api.football-data.org/v2/competitions/2001/matches","timestamp":"2022-02-12T10:45:01.546Z"}
{"level":"info","message":"http://api.football-data.org/v2/competitions/2001/matches","timestamp":"2022-02-12T10:58:01.523Z"}
{"level":"info","message":"http://api.football-data.org/v2/competitions/2001/matches","timestamp":"2022-02-12T10:59:06.853Z"}
{"level":"info","message":"http://api.football-data.org/v2/competitions/2001/matches","timestamp":"2022-02-12T11:01:04.174Z"}
{"level":"info","message":"http://api.football-data.org/v2/competitions/2001/matches","timestamp":"2022-02-12T11:03:24.350Z"}
{"level":"info","message":"http://api.football-data.org/v2/competitions/2001/matches","timestamp":"2022-02-12T11:17:13.673Z"}
{"level":"info","message":"http://api.football-data.org/v2/competitions/2001/matches","timestamp":"2022-02-12T11:21:04.707Z"}
{"level":"info","message":"http://api.football-data.org/v2/competitions/2001/matches","timestamp":"2022-02-12T11:27:15.353Z"}
{"level":"info","message":"http://api.football-data.org/v2/competitions/2001/matches","timestamp":"2022-02-12T11:31:01.488Z"}
{"level":"info","message":"http://api.football-data.org/v2/competitions/2001/matches","timestamp":"2022-02-12T11:31:01.499Z"}
{"level":"info","message":"http://api.football-data.org/v2/competitions/2001/matches","timestamp":"2022-02-12T11:40:01.519Z"}
{"level":"info","message":"http://api.football-data.org/v2/competitions/2001/matches","timestamp":"2022-02-12T11:40:01.528Z"}
{"level":"info","message":"http://api.football-data.org/v2/competitions/2001/matches","timestamp":"2022-02-12T11:43:01.494Z"}
{"level":"info","message":"http://api.football-data.org/v2/competitions/2001/matches","timestamp":"2022-02-12T11:43:01.506Z"}
{"level":"info","message":"http://api.football-data.org/v2/competitions/2001/matches","timestamp":"2022-02-12T11:44:01.497Z"}
{"level":"info","message":"http://api.football-data.org/v2/competitions/2001/matches","timestamp":"2022-02-12T11:44:01.509Z"}
{"level":"info","message":"http://api.football-data.org/v2/competitions/2001/matches","timestamp":"2022-02-12T11:50:01.559Z"}
{"level":"info","message":"http://api.football-data.org/v2/competitions/2001/matches","timestamp":"2022-02-12T11:50:01.574Z"}
{"level":"info","message":"http://api.football-data.org/v2/competitions/2001/matches","timestamp":"2022-02-12T12:50:00.818Z"}
{"level":"info","message":"http://api.football-data.org/v2/competitions/2001/matches","timestamp":"2022-02-12T12:50:00.832Z"}
{"level":"info","message":"http://api.football-data.org/v2/competitions/2001/matches","timestamp":"2022-02-12T13:03:01.507Z"}
{"level":"info","message":"http://api.football-data.org/v2/competitions/2001/matches","timestamp":"2022-02-12T13:03:01.517Z"}
{"level":"info","message":"http://api.football-data.org/v2/competitions/2001/matches","timestamp":"2022-02-12T13:46:01.516Z"}
{"level":"info","message":"http://api.football-data.org/v2/competitions/2001/matches","timestamp":"2022-02-12T13:46:01.530Z"}
{"level":"info","message":"http://api.football-data.org/v2/competitions/2001/matches","timestamp":"2022-02-12T13:48:01.606Z"}
{"level":"info","message":"http://api.football-data.org/v2/competitions/2001/matches","timestamp":"2022-02-12T13:48:01.620Z"}
{"level":"info","message":"http://api.football-data.org/v2/competitions/2001/matches","timestamp":"2022-02-12T13:49:01.482Z"}
{"level":"info","message":"http://api.football-data.org/v2/competitions/2001/matches","timestamp":"2022-02-12T13:49:01.491Z"}
{"level":"info","message":"http://api.football-data.org/v2/competitions/2001/matches","timestamp":"2022-02-12T13:53:01.539Z"}
{"level":"info","message":"http://api.football-data.org/v2/competitions/2001/matches","timestamp":"2022-02-12T13:53:01.550Z"}
{"level":"info","message":"http://api.football-data.org/v2/competitions/2001/matches","timestamp":"2022-02-12T13:54:01.525Z"}
{"level":"info","message":"http://api.football-data.org/v2/competitions/2001/matches","timestamp":"2022-02-12T13:54:01.534Z"}
{"level":"info","message":"http://api.football-data.org/v2/competitions/2001/matches","timestamp":"2022-02-12T19:21:00.849Z"}
{"level":"info","message":"http://api.football-data.org/v2/competitions/2001/matches","timestamp":"2022-02-12T19:21:00.865Z"}
{"level":"info","message":"http://api.football-data.org/v2/competitions/2001/matches","timestamp":"2022-02-12T20:09:01.504Z"}
{"level":"info","message":"http://api.football-data.org/v2/competitions/2001/matches","timestamp":"2022-02-12T20:09:01.514Z"}
{"level":"info","message":"http://api.football-data.org/v2/competitions/2001/matches","timestamp":"2022-02-12T20:14:00.834Z"}
{"level":"info","message":"http://api.football-data.org/v2/competitions/2001/matches","timestamp":"2022-02-12T20:14:00.849Z"}
{"level":"info","message":"http://api.football-data.org/v2/competitions/2001/matches","timestamp":"2022-02-12T21:55:01.822Z"}
{"level":"info","message":"http://api.football-data.org/v2/competitions/2001/matches","timestamp":"2022-02-12T21:55:01.832Z"}
{"level":"info","message":"http://api.football-data.org/v2/competitions/2001/matches","timestamp":"2022-02-13T02:10:01.919Z"}
{"level":"info","message":"http://api.football-data.org/v2/competitions/2001/matches","timestamp":"2022-02-13T02:10:01.945Z"}
{"level":"info","message":"http://api.football-data.org/v2/competitions/2001/matches","timestamp":"2022-02-13T13:35:02.280Z"}
{"level":"info","message":"http://api.football-data.org/v2/competitions/2001/matches","timestamp":"2022-02-13T13:53:01.468Z"}
{"level":"info","message":"http://api.football-data.org/v2/competitions/2001/matches","timestamp":"2022-02-13T15:18:02.080Z"}
{"level":"info","message":"http://api.football-data.org/v2/competitions/2001/matches","timestamp":"2022-02-13T15:22:01.482Z"}
{"level":"info","message":"http://api.football-data.org/v2/competitions/2001/matches","timestamp":"2022-02-13T15:29:10.586Z"}
{"level":"info","message":"http://api.football-data.org/v2/competitions/2001/matches","timestamp":"2022-02-13T15:31:01.503Z"}
{"level":"info","message":"http://api.football-data.org/v2/competitions/2001/matches","timestamp":"2022-02-13T15:35:01.586Z"}
{"level":"info","message":"add users to Pool12 has been created.Request from address ::1.","timestamp":"2022-02-13T15:41:46.794Z"}
{"level":"info","message":"http://api.football-data.org/v2/competitions/2001/matches","timestamp":"2022-02-13T15:44:00.835Z"}
{"level":"info","message":"http://api.football-data.org/v2/competitions/2001/matches","timestamp":"2022-02-13T15:57:01.518Z"}
{"level":"info","message":"http://api.football-data.org/v2/competitions/2001/matches","timestamp":"2022-02-13T15:59:01.502Z"}
{"level":"info","message":"http://api.football-data.org/v2/competitions/2001/matches","timestamp":"2022-02-13T20:09:00.802Z"}
{"level":"info","message":"http://api.football-data.org/v2/competitions/2001/matches","timestamp":"2022-02-14T21:19:02.313Z"}
{"level":"info","message":"http://api.football-data.org/v2/competitions/2001/matches","timestamp":"2022-02-14T22:59:00.751Z"}
{"level":"info","message":"http://api.football-data.org/v2/competitions/2001/matches","timestamp":"2022-02-14T23:53:00.746Z"}
{"level":"info","message":"http://api.football-data.org/v2/competitions/2001/matches","timestamp":"2022-02-15T00:13:01.954Z"}
{"level":"info","message":"http://api.football-data.org/v2/competitions/2001/matches","timestamp":"2022-02-15T00:17:00.807Z"}
{"level":"info","message":"http://api.football-data.org/v2/competitions/2001/matches","timestamp":"2022-02-15T02:22:00.775Z"}
{"level":"info","message":"http://api.football-data.org/v2/competitions/2001/matches","timestamp":"2022-02-15T19:14:02.380Z"}
{"level":"info","message":"http://api.football-data.org/v2/competitions/2001/matches","timestamp":"2022-02-15T20:15:37.814Z"}
{"level":"info","message":"http://api.football-data.org/v2/competitions/2001/matches","timestamp":"2022-02-15T20:15:37.825Z"}
{"level":"info","message":"http://api.football-data.org/v2/competitions/2001/matches","timestamp":"2022-02-15T20:19:09.862Z"}
{"level":"info","message":"http://api.football-data.org/v2/competitions/2001/matches","timestamp":"2022-02-15T20:19:09.880Z"}
{"level":"info","message":"http://api.football-data.org/v2/competitions/2001/matches","timestamp":"2022-02-15T20:25:01.536Z"}
{"level":"info","message":"http://api.football-data.org/v2/competitions/2001/matches","timestamp":"2022-02-15T20:25:01.547Z"}
{"level":"info","message":"http://api.football-data.org/v2/competitions/2001/matches","timestamp":"2022-02-15T20:28:01.508Z"}
{"level":"info","message":"http://api.football-data.org/v2/competitions/2001/matches","timestamp":"2022-02-15T20:28:01.523Z"}
{"level":"info","message":"http://api.football-data.org/v2/competitions/2001/matches","timestamp":"2022-02-15T20:33:01.493Z"}
{"level":"info","message":"http://api.football-data.org/v2/competitions/2001/matches","timestamp":"2022-02-15T20:33:01.506Z"}
{"level":"info","message":"http://api.football-data.org/v2/competitions/2001/matches","timestamp":"2022-02-15T20:40:01.485Z"}
{"level":"info","message":"http://api.football-data.org/v2/competitions/2001/matches","timestamp":"2022-02-15T20:47:02.023Z"}
{"level":"info","message":"http://api.football-data.org/v2/competitions/2001/matches","timestamp":"2022-02-15T20:51:01.572Z"}
{"level":"info","message":"http://api.football-data.org/v2/competitions/2001/matches","timestamp":"2022-02-15T20:57:01.853Z"}
{"level":"info","message":"http://api.football-data.org/v2/competitions/2001/matches","timestamp":"2022-02-15T20:58:01.585Z"}
{"level":"info","message":"http://api.football-data.org/v2/competitions/2001/matches","timestamp":"2022-02-15T21:37:01.927Z"}
{"level":"info","message":"http://api.football-data.org/v2/competitions/2001/matches","timestamp":"2022-02-15T22:04:00.795Z"}
{"level":"info","message":"http://api.football-data.org/v2/competitions/2001/matches","timestamp":"2022-02-15T22:20:00.809Z"}
{"level":"info","message":"http://api.football-data.org/v2/competitions/2001/matches","timestamp":"2022-02-15T23:26:01.499Z"}
{"level":"info","message":"User  is not authorised. Request from address ::1.","timestamp":"2022-02-16T20:20:11.006Z"}
{"level":"info","message":"http://api.football-data.org/v2/competitions/2001/matches","timestamp":"2022-02-18T16:27:01.632Z"}
{"level":"info","message":"http://api.football-data.org/v2/competitions/2001/matches","timestamp":"2022-02-18T16:27:01.649Z"}
{"level":"info","message":"http://api.football-data.org/v2/competitions/2001/matches","timestamp":"2022-03-09T21:30:01.930Z"}
{"level":"info","message":"http://api.football-data.org/v2/competitions/2001/matches","timestamp":"2022-03-09T23:03:26.744Z"}
{"level":"info","message":"http://api.football-data.org/v2/competitions/2001/matches","timestamp":"2022-03-09T23:10:03.466Z"}
{"level":"info","message":"http://api.football-data.org/v2/competitions/2001/matches","timestamp":"2022-03-09T23:13:00.347Z"}
{"level":"info","message":"http://api.football-data.org/v2/competitions/2001/matches","timestamp":"2022-03-09T23:19:01.468Z"}
{"level":"error","message":{"name":"SequelizeDatabaseError","parent":{"code":"ER_BAD_FIELD_ERROR","errno":1054,"sqlState":"42S22","sqlMessage":"Unknown column 'pools->PoolEvent.is_active' in 'field list'","sql":"SELECT `Event`.`id`, `Event`.`name`, `Event`.`image`, `Event`.`f_api_id` AS `fapiId`, `Event`.`is_active` AS `isActive`, `Event`.`updated_at` AS `updatedAt`, `Event`.`updated_at`, `games`.`id` AS `games.id`, `games`.`event_id` AS `games.eventId`, `games`.`round` AS `games.round`, `games`.`play_at` AS `games.playAt`, `games`.`home_team_id` AS `games.homeTeamId`, `games`.`home_team_score` AS `games.homeTeamScore`, `games`.`away_team_id` AS `games.awayTeamId`, `games`.`away_team_score` AS `games.awayTeamScore`, `games`.`status` AS `games.status`, `games`.`factor_id` AS `games.factorId`, `games`.`f_api_id` AS `games.fapiId`, `pools`.`id` AS `pools.poolId`, `pools`.`owner_id` AS `pools.ownerId`, `pools`.`name` AS `pools.name`, `pools`.`last_check_in` AS `pools.lastCheckIn`, `pools`.`image` AS `pools.image`, `pools`.`public` AS `pools.public`, `pools`.`buy_in` AS `pools.buyIn`, `pools`.`factors_strategy` AS `pools.factorsStrategy`, `pools->PoolEvent`.`id` AS `pools.PoolEvent.id`, `pools->PoolEvent`.`pool_id` AS `pools.PoolEvent.poolId`, `pools->PoolEvent`.`event_id` AS `pools.PoolEvent.eventId`, `pools->PoolEvent`.`filter` AS `pools.PoolEvent.filter`, `pools->PoolEvent`.`is_active` AS `pools.PoolEvent.isActive` FROM `new_events` AS `Event` INNER JOIN `games` AS `games` ON `Event`.`id` = `games`.`event_id` AND `games`.`status` != 'FINISHED' AND `games`.`play_at` <= '2022-03-09 23:20:01' AND `games`.`f_api_id` > 0 LEFT OUTER JOIN ( `poolEvents` AS `pools->PoolEvent` INNER JOIN `pools` AS `pools` ON `pools`.`id` = `pools->PoolEvent`.`pool_id`) ON `Event`.`id` = `pools->PoolEvent`.`event_id` WHERE `Event`.`f_api_id` > 0;"},"original":{"code":"ER_BAD_FIELD_ERROR","errno":1054,"sqlState":"42S22","sqlMessage":"Unknown column 'pools->PoolEvent.is_active' in 'field list'","sql":"SELECT `Event`.`id`, `Event`.`name`, `Event`.`image`, `Event`.`f_api_id` AS `fapiId`, `Event`.`is_active` AS `isActive`, `Event`.`updated_at` AS `updatedAt`, `Event`.`updated_at`, `games`.`id` AS `games.id`, `games`.`event_id` AS `games.eventId`, `games`.`round` AS `games.round`, `games`.`play_at` AS `games.playAt`, `games`.`home_team_id` AS `games.homeTeamId`, `games`.`home_team_score` AS `games.homeTeamScore`, `games`.`away_team_id` AS `games.awayTeamId`, `games`.`away_team_score` AS `games.awayTeamScore`, `games`.`status` AS `games.status`, `games`.`factor_id` AS `games.factorId`, `games`.`f_api_id` AS `games.fapiId`, `pools`.`id` AS `pools.poolId`, `pools`.`owner_id` AS `pools.ownerId`, `pools`.`name` AS `pools.name`, `pools`.`last_check_in` AS `pools.lastCheckIn`, `pools`.`image` AS `pools.image`, `pools`.`public` AS `pools.public`, `pools`.`buy_in` AS `pools.buyIn`, `pools`.`factors_strategy` AS `pools.factorsStrategy`, `pools->PoolEvent`.`id` AS `pools.PoolEvent.id`, `pools->PoolEvent`.`pool_id` AS `pools.PoolEvent.poolId`, `pools->PoolEvent`.`event_id` AS `pools.PoolEvent.eventId`, `pools->PoolEvent`.`filter` AS `pools.PoolEvent.filter`, `pools->PoolEvent`.`is_active` AS `pools.PoolEvent.isActive` FROM `new_events` AS `Event` INNER JOIN `games` AS `games` ON `Event`.`id` = `games`.`event_id` AND `games`.`status` != 'FINISHED' AND `games`.`play_at` <= '2022-03-09 23:20:01' AND `games`.`f_api_id` > 0 LEFT OUTER JOIN ( `poolEvents` AS `pools->PoolEvent` INNER JOIN `pools` AS `pools` ON `pools`.`id` = `pools->PoolEvent`.`pool_id`) ON `Event`.`id` = `pools->PoolEvent`.`event_id` WHERE `Event`.`f_api_id` > 0;"},"sql":"SELECT `Event`.`id`, `Event`.`name`, `Event`.`image`, `Event`.`f_api_id` AS `fapiId`, `Event`.`is_active` AS `isActive`, `Event`.`updated_at` AS `updatedAt`, `Event`.`updated_at`, `games`.`id` AS `games.id`, `games`.`event_id` AS `games.eventId`, `games`.`round` AS `games.round`, `games`.`play_at` AS `games.playAt`, `games`.`home_team_id` AS `games.homeTeamId`, `games`.`home_team_score` AS `games.homeTeamScore`, `games`.`away_team_id` AS `games.awayTeamId`, `games`.`away_team_score` AS `games.awayTeamScore`, `games`.`status` AS `games.status`, `games`.`factor_id` AS `games.factorId`, `games`.`f_api_id` AS `games.fapiId`, `pools`.`id` AS `pools.poolId`, `pools`.`owner_id` AS `pools.ownerId`, `pools`.`name` AS `pools.name`, `pools`.`last_check_in` AS `pools.lastCheckIn`, `pools`.`image` AS `pools.image`, `pools`.`public` AS `pools.public`, `pools`.`buy_in` AS `pools.buyIn`, `pools`.`factors_strategy` AS `pools.factorsStrategy`, `pools->PoolEvent`.`id` AS `pools.PoolEvent.id`, `pools->PoolEvent`.`pool_id` AS `pools.PoolEvent.poolId`, `pools->PoolEvent`.`event_id` AS `pools.PoolEvent.eventId`, `pools->PoolEvent`.`filter` AS `pools.PoolEvent.filter`, `pools->PoolEvent`.`is_active` AS `pools.PoolEvent.isActive` FROM `new_events` AS `Event` INNER JOIN `games` AS `games` ON `Event`.`id` = `games`.`event_id` AND `games`.`status` != 'FINISHED' AND `games`.`play_at` <= '2022-03-09 23:20:01' AND `games`.`f_api_id` > 0 LEFT OUTER JOIN ( `poolEvents` AS `pools->PoolEvent` INNER JOIN `pools` AS `pools` ON `pools`.`id` = `pools->PoolEvent`.`pool_id`) ON `Event`.`id` = `pools->PoolEvent`.`event_id` WHERE `Event`.`f_api_id` > 0;"},"timestamp":"2022-03-09T23:20:01.545Z"}
{"level":"error","message":"An error has occurred while processing a request to getUserPools Pool from ::1. Stack trace: TypeError: Cannot read property 'isActive' of undefined\n    at E:\\js\\bet-pool-server\\handlers\\PoolHandler.js:323:76\n    at arraySome (E:\\js\\bet-pool-server\\node_modules\\lodash\\lodash.js:740:11)\n    at Function.some (E:\\js\\bet-pool-server\\node_modules\\lodash\\lodash.js:9965:14)\n    at E:\\js\\bet-pool-server\\handlers\\PoolHandler.js:323:31\n    at arrayMap (E:\\js\\bet-pool-server\\node_modules\\lodash\\lodash.js:653:23)\n    at Function.map (E:\\js\\bet-pool-server\\node_modules\\lodash\\lodash.js:9622:14)\n    at handleGetUserPools (E:\\js\\bet-pool-server\\handlers\\PoolHandler.js:316:28)\n    at processTicksAndRejections (internal/process/task_queues.js:93:5)","timestamp":"2022-03-09T23:24:12.482Z"}
{"level":"info","message":"http://api.football-data.org/v2/competitions/2001/matches","timestamp":"2022-03-09T23:25:01.496Z"}
{"level":"info","message":"http://api.football-data.org/v2/competitions/2001/matches","timestamp":"2022-03-09T23:27:09.902Z"}
{"level":"info","message":"http://api.football-data.org/v2/competitions/2001/matches","timestamp":"2022-04-03T17:52:16.914Z"}
{"level":"info","message":"http://api.football-data.org/v2/competitions/2001/matches","timestamp":"2022-04-05T11:23:02.076Z"}
{"level":"info","message":"http://api.football-data.org/v2/competitions/2001/matches","timestamp":"2022-04-05T11:23:02.112Z"}
{"level":"info","message":"http://api.football-data.org/v2/competitions/2001/matches","timestamp":"2022-04-12T15:06:06.088Z"}
{"level":"info","message":"http://api.football-data.org/v2/competitions/2001/matches","timestamp":"2022-04-14T15:58:01.487Z"}
{"level":"info","message":"http://api.football-data.org/v2/competitions/2001/matches","timestamp":"2022-04-14T15:58:01.500Z"}
{"level":"info","message":"http://api.football-data.org/v2/competitions/2001/matches","timestamp":"2022-04-19T10:13:01.953Z"}
{"level":"info","message":"http://api.football-data.org/v2/competitions/2001/matches","timestamp":"2022-04-19T10:13:01.973Z"}
{"level":"info","message":"User  is not authorised. Request from address ::1.","timestamp":"2022-04-19T10:22:32.891Z"}
{"level":"info","message":"http://api.football-data.org/v2/competitions/2001/matches","timestamp":"2022-04-24T19:18:02.044Z"}
{"level":"info","message":"http://api.football-data.org/v2/competitions/2001/matches","timestamp":"2022-04-24T19:18:11.517Z"}
{"level":"info","message":"http://api.football-data.org/v2/competitions/2001/matches","timestamp":"2022-05-03T12:17:01.973Z"}
{"level":"info","message":"http://api.football-data.org/v2/competitions/2001/matches","timestamp":"2022-05-03T12:20:50.193Z"}
{"level":"info","message":"http://api.football-data.org/v2/competitions/2001/matches","timestamp":"2022-05-24T20:10:01.780Z"}
{"level":"info","message":"http://api.football-data.org/v2/competitions/2001/matches","timestamp":"2022-08-25T17:15:02.020Z"}
{"level":"info","message":"http://api.football-data.org/v2/competitions/2001/matches","timestamp":"2022-08-25T17:15:02.042Z"}
{"level":"info","message":"http://api.football-data.org/v2/competitions/2001/matches","timestamp":"2022-08-25T17:15:02.044Z"}
{"level":"info","message":"http://api.football-data.org/v2/competitions/2001/matches","timestamp":"2022-08-25T17:43:01.523Z"}
{"level":"info","message":"http://api.football-data.org/v2/competitions/2001/matches","timestamp":"2022-08-25T17:43:01.544Z"}
{"level":"info","message":"http://api.football-data.org/v2/competitions/2001/matches","timestamp":"2022-08-26T07:07:01.996Z"}
{"level":"info","message":"http://api.football-data.org/v2/competitions/2001/matches","timestamp":"2022-08-26T07:07:02.005Z"}
{"level":"info","message":"http://api.football-data.org/v2/competitions/2001/matches","timestamp":"2022-08-26T07:07:02.007Z"}
{"level":"info","message":"User  is not authorised. Request from address ::1.","timestamp":"2022-09-03T08:17:38.784Z"}
{"level":"info","message":"User  is not authorised. Request from address ::1.","timestamp":"2022-09-06T21:00:59.862Z"}
{"level":"info","message":"http://api.football-data.org/v2/competitions/2001/matches","timestamp":"2022-09-09T11:38:01.869Z"}
{"level":"info","message":"http://api.football-data.org/v2/competitions/2001/matches","timestamp":"2022-09-09T11:38:01.878Z"}
{"level":"info","message":"http://api.football-data.org/v2/competitions/2001/matches","timestamp":"2022-09-09T11:47:01.417Z"}
{"level":"info","message":"http://api.football-data.org/v2/competitions/2001/matches","timestamp":"2022-09-09T11:47:01.424Z"}
{"level":"info","message":"http://api.football-data.org/v2/competitions/2001/matches","timestamp":"2022-09-09T11:50:01.427Z"}
{"level":"info","message":"http://api.football-data.org/v2/competitions/2001/matches","timestamp":"2022-09-09T11:50:01.434Z"}
{"level":"info","message":"http://api.football-data.org/v2/competitions/2001/matches","timestamp":"2022-10-01T08:40:35.244Z"}
{"level":"info","message":"User  is not authorised. Request from address ::1.","timestamp":"2022-10-01T09:25:41.150Z"}
{"level":"info","message":"http://api.football-data.org/v2/competitions/2001/matches","timestamp":"2022-10-10T07:25:02.093Z"}
{"level":"info","message":"http://api.football-data.org/v2/competitions/2001/matches","timestamp":"2022-10-24T17:18:01.925Z"}
{"level":"info","message":"http://api.football-data.org/v2/competitions/2001/matches","timestamp":"2022-11-01T14:18:02.212Z"}
{"level":"info","message":"http://api.football-data.org/v2/competitions/2000/matches","timestamp":"2022-11-12T08:39:01.873Z"}
{"level":"info","message":"http://api.football-data.org/v2/competitions/2000/matches","timestamp":"2022-11-12T08:44:01.327Z"}
{"level":"info","message":"http://api.football-data.org/v2/competitions/2000/matches","timestamp":"2022-11-12T08:45:01.479Z"}
{"level":"info","message":"User  is not authorised. Request from address ::1.","timestamp":"2022-11-12T09:41:39.191Z"}
{"level":"info","message":"User  is not authorised. Request from address ::1.","timestamp":"2022-11-13T16:58:21.218Z"}
{"level":"info","message":"User  is not authorised. Request from address ::1.","timestamp":"2022-11-15T15:02:26.578Z"}
{"level":"info","message":"User  is not authorised. Request from address ::1.","timestamp":"2022-11-15T15:02:26.613Z"}
{"level":"info","message":"User  is not authorised. Request from address ::1.","timestamp":"2022-11-15T19:56:21.880Z"}
{"level":"info","message":"User  is not authorised. Request from address ::1.","timestamp":"2022-11-15T19:56:21.892Z"}
{"level":"error","message":"An error has occurred while processing a request to getUserPools Pool from ::1. Stack trace: Error: Invalid value { public: true }\n    at Object.escape (E:\\js\\bet-pool-server\\node_modules\\sequelize\\lib\\sql-string.js:65:11)\n    at MySQLQueryGenerator.escape (E:\\js\\bet-pool-server\\node_modules\\sequelize\\lib\\dialects\\abstract\\query-generator.js:994:22)\n    at _joinKeyValue.value.map.item (E:\\js\\bet-pool-server\\node_modules\\sequelize\\lib\\dialects\\abstract\\query-generator.js:2571:69)\n    at Array.map (<anonymous>)\n    at MySQLQueryGenerator._whereParseSingleValueObject (E:\\js\\bet-pool-server\\node_modules\\sequelize\\lib\\dialects\\abstract\\query-generator.js:2571:52)\n    at MySQLQueryGenerator.whereItemQuery (E:\\js\\bet-pool-server\\node_modules\\sequelize\\lib\\dialects\\abstract\\query-generator.js:2353:19)\n    at Utils.getComplexKeys.forEach.prop (E:\\js\\bet-pool-server\\node_modules\\sequelize\\lib\\dialects\\abstract\\query-generator.js:2258:25)\n    at Array.forEach (<anonymous>)\n    at MySQLQueryGenerator.whereItemsQuery (E:\\js\\bet-pool-server\\node_modules\\sequelize\\lib\\dialects\\abstract\\query-generator.js:2256:35)\n    at MySQLQueryGenerator.getWhereConditions (E:\\js\\bet-pool-server\\node_modules\\sequelize\\lib\\dialects\\abstract\\query-generator.js:2674:19)","timestamp":"2022-11-15T21:45:14.325Z"}
{"level":"error","message":"An error has occurred while processing a request to getUserPools Pool from ::1. Stack trace: Error: Invalid value { '$ne': null }\n    at Object.escape (E:\\js\\bet-pool-server\\node_modules\\sequelize\\lib\\sql-string.js:65:11)\n    at MySQLQueryGenerator.escape (E:\\js\\bet-pool-server\\node_modules\\sequelize\\lib\\dialects\\abstract\\query-generator.js:994:22)\n    at MySQLQueryGenerator._whereParseSingleValueObject (E:\\js\\bet-pool-server\\node_modules\\sequelize\\lib\\dialects\\abstract\\query-generator.js:2647:41)\n    at MySQLQueryGenerator.whereItemQuery (E:\\js\\bet-pool-server\\node_modules\\sequelize\\lib\\dialects\\abstract\\query-generator.js:2359:19)\n    at Utils.getComplexKeys.forEach.prop (E:\\js\\bet-pool-server\\node_modules\\sequelize\\lib\\dialects\\abstract\\query-generator.js:2258:25)\n    at Array.forEach (<anonymous>)\n    at MySQLQueryGenerator.whereItemsQuery (E:\\js\\bet-pool-server\\node_modules\\sequelize\\lib\\dialects\\abstract\\query-generator.js:2256:35)\n    at value.map.item (E:\\js\\bet-pool-server\\node_modules\\sequelize\\lib\\dialects\\abstract\\query-generator.js:2392:30)\n    at Array.map (<anonymous>)\n    at MySQLQueryGenerator._whereGroupBind (E:\\js\\bet-pool-server\\node_modules\\sequelize\\lib\\dialects\\abstract\\query-generator.js:2391:21)","timestamp":"2022-11-15T21:49:22.129Z"}
{"level":"error","message":"An error has occurred while processing a request to getUserPools Pool from ::1. Stack trace: SequelizeDatabaseError: Unknown column 'Pool.isActive' in 'where clause'\n    at Query.formatError (E:\\js\\bet-pool-server\\node_modules\\sequelize\\lib\\dialects\\mysql\\query.js:265:16)\n    at Query.run (E:\\js\\bet-pool-server\\node_modules\\sequelize\\lib\\dialects\\mysql\\query.js:77:18)\n    at process._tickCallback (internal/process/next_tick.js:68:7)","timestamp":"2022-11-15T22:00:04.741Z"}
{"level":"info","message":"User Smart-Bot successfully logged out.  Address: ::1.","timestamp":"2022-11-15T22:19:42.287Z"}
{"level":"info","message":"User  is not authorised. Request from address ::1.","timestamp":"2022-11-20T16:18:21.268Z"}
{"level":"info","message":"User  is not authorised. Request from address ::1.","timestamp":"2022-11-20T16:18:21.282Z"}
{"level":"info","message":"User amit.rotbard@gmail.com successfully logged in using application from: ::1.","timestamp":"2022-11-22T22:02:53.494Z"}
{"level":"info","message":"User amit.rotbard@gmail.com successfully logged in using application from: ::1.","timestamp":"2022-11-22T22:02:53.500Z"}
{"level":"info","message":"http://api.football-data.org/v2/competitions/2000/matches","timestamp":"2022-11-24T17:09:01.859Z"}
{"level":"info","message":"User  is not authorised. Request from address ::1.","timestamp":"2022-11-27T17:25:49.841Z"}
{"level":"info","message":"User  is not authorised. Request from address ::1.","timestamp":"2022-11-27T17:25:49.847Z"}
{"level":"info","message":"http://api.football-data.org/v2/competitions/2000/matches","timestamp":"2022-11-27T17:27:01.643Z"}
{"level":"info","message":"http://api.football-data.org/v2/competitions/2000/matches","timestamp":"2022-11-27T19:21:00.871Z"}
{"level":"info","message":"User  is not authorised. Request from address ::1.","timestamp":"2022-11-30T17:28:37.842Z"}
{"level":"info","message":"User  is not authorised. Request from address ::1.","timestamp":"2022-11-30T17:28:37.849Z"}
{"level":"info","message":"User amit.rotbard@gmail.com successfully logged in using application from: ::1.","timestamp":"2022-11-30T17:32:38.774Z"}
{"level":"info","message":"User amit.rotbard@gmail.com successfully logged in using application from: ::ffff:127.0.0.1.","timestamp":"2022-11-30T17:42:18.391Z"}
{"level":"info","message":"User  is not authorised. Request from address ::1.","timestamp":"2022-11-30T20:32:29.966Z"}
{"level":"info","message":"User  is not authorised. Request from address ::1.","timestamp":"2022-11-30T20:32:29.972Z"}
{"level":"info","message":"http://api.football-data.org/v2/competitions/2000/matches","timestamp":"2022-12-03T07:52:01.602Z"}
{"level":"info","message":"http://api.football-data.org/v2/competitions/2000/matches","timestamp":"2022-12-03T07:54:01.415Z"}
{"level":"info","message":"http://api.football-data.org/v2/competitions/2000/matches","timestamp":"2022-12-03T07:57:01.449Z"}
{"level":"info","message":"http://api.football-data.org/v2/competitions/2000/matches","timestamp":"2022-12-03T08:00:01.425Z"}
{"level":"info","message":"http://api.football-data.org/v2/competitions/2000/matches","timestamp":"2022-12-03T10:56:01.443Z"}
{"level":"info","message":"User  is not authorised. Request from address ::1.","timestamp":"2022-12-04T17:39:22.796Z"}
{"level":"info","message":"User  is not authorised. Request from address ::1.","timestamp":"2022-12-04T17:39:22.807Z"}
{"level":"info","message":"http://api.football-data.org/v2/competitions/2000/matches","timestamp":"2022-12-04T17:48:46.061Z"}
{"level":"info","message":"User amit.rotbard@gmail.com successfully logged in using application from: ::1.","timestamp":"2022-12-04T17:52:48.587Z"}
{"level":"info","message":"User amit.rotbard@gmail.com successfully logged in using application from: ::1.","timestamp":"2022-12-04T17:52:48.594Z"}
{"level":"info","message":"http://api.football-data.org/v2/competitions/2000/matches","timestamp":"2022-12-04T17:56:01.637Z"}
{"level":"info","message":"http://api.football-data.org/v2/competitions/2000/matches","timestamp":"2022-12-04T19:54:00.876Z"}
{"level":"info","message":"http://api.football-data.org/v2/competitions/2000/matches","timestamp":"2022-12-04T20:06:01.712Z"}
{"level":"info","message":"User  is not authorised. Request from address ::1.","timestamp":"2022-12-05T21:37:03.192Z"}
{"level":"info","message":"http://api.football-data.org/v2/competitions/2000/matches","timestamp":"2022-12-11T17:42:02.745Z"}
{"level":"info","message":"http://api.football-data.org/v2/competitions/2000/matches","timestamp":"2022-12-17T09:03:02.137Z"}
{"level":"info","message":"http://api.football-data.org/v2/competitions/2001/matches","timestamp":"2023-02-09T17:28:02.062Z"}
{"level":"info","message":"http://api.football-data.org/v2/competitions/2001/matches","timestamp":"2023-02-09T20:38:01.423Z"}
{"level":"info","message":"http://api.football-data.org/v2/competitions/2001/matches","timestamp":"2023-02-09T20:45:01.397Z"}
{"level":"info","message":"User  is not authorised. Request from address ::1.","timestamp":"2023-02-14T07:48:56.935Z"}
{"level":"info","message":"User  is not authorised. Request from address ::1.","timestamp":"2023-02-14T07:48:56.947Z"}
{"level":"info","message":"http://api.football-data.org/v2/competitions/2001/matches","timestamp":"2023-02-14T07:58:35.453Z"}
{"level":"info","message":"http://api.football-data.org/v2/competitions/2001/matches","timestamp":"2023-02-14T07:58:35.463Z"}
{"level":"info","message":"http://api.football-data.org/v2/competitions/2001/matches","timestamp":"2023-02-14T08:02:11.748Z"}
{"level":"info","message":"http://api.football-data.org/v2/competitions/2001/matches","timestamp":"2023-02-15T21:31:01.962Z"}
{"level":"info","message":"http://api.football-data.org/v2/competitions/2001/matches","timestamp":"2023-02-15T21:34:01.418Z"}
{"level":"info","message":"User  is not authorised. Request from address ::1.","timestamp":"2023-02-15T21:39:27.795Z"}
{"level":"info","message":"User  is not authorised. Request from address ::1.","timestamp":"2023-02-15T21:39:27.801Z"}
{"level":"info","message":"http://api.football-data.org/v2/competitions/2001/matches","timestamp":"2024-06-08T14:07:16.222Z"}
{"level":"info","message":"http://api.football-data.org/v2/competitions/2001/matches","timestamp":"2024-06-08T14:07:16.239Z"}
{"level":"info","message":"http://api.football-data.org/v2/competitions/EC/matches","timestamp":"2024-06-08T14:07:16.242Z"}
{"level":"info","message":"http://api.football-data.org/v2/competitions/2001/matches","timestamp":"2024-06-08T14:09:08.424Z"}
{"level":"info","message":"http://api.football-data.org/v2/competitions/2001/matches","timestamp":"2024-06-08T14:09:08.475Z"}
{"level":"info","message":"http://api.football-data.org/v2/competitions/EC/matches","timestamp":"2024-06-08T14:09:08.483Z"}
{"level":"info","message":"http://api.football-data.org/v2/competitions/2001/matches","timestamp":"2024-06-08T14:11:01.562Z"}
{"level":"info","message":"http://api.football-data.org/v2/competitions/2001/matches","timestamp":"2024-06-08T14:11:01.585Z"}
{"level":"info","message":"http://api.football-data.org/v2/competitions/EC/matches","timestamp":"2024-06-08T14:11:01.589Z"}
{"level":"info","message":"http://api.football-data.org/v2/competitions/2001/matches","timestamp":"2024-06-08T14:13:01.677Z"}
{"level":"info","message":"http://api.football-data.org/v2/competitions/2001/matches","timestamp":"2024-06-08T14:13:01.745Z"}
{"level":"info","message":"http://api.football-data.org/v2/competitions/EC/matches","timestamp":"2024-06-08T14:13:01.750Z"}
{"level":"info","message":"http://api.football-data.org/v2/competitions/2001/matches","timestamp":"2024-06-08T14:17:01.532Z"}
{"level":"info","message":"http://api.football-data.org/v2/competitions/2001/matches","timestamp":"2024-06-08T14:17:01.550Z"}
{"level":"info","message":"http://api.football-data.org/v2/competitions/EC/matches","timestamp":"2024-06-08T14:17:01.553Z"}
{"level":"info","message":"http://api.football-data.org/v2/competitions/2001/matches","timestamp":"2024-06-08T15:06:01.493Z"}
{"level":"info","message":"http://api.football-data.org/v2/competitions/2001/matches","timestamp":"2024-06-08T15:06:01.513Z"}
{"level":"info","message":"http://api.football-data.org/v2/competitions/EC/matches","timestamp":"2024-06-08T15:06:01.517Z"}
{"level":"info","message":"http://api.football-data.org/v2/competitions/2001/matches","timestamp":"2024-06-08T15:07:01.410Z"}
{"level":"info","message":"http://api.football-data.org/v2/competitions/2001/matches","timestamp":"2024-06-08T15:07:01.426Z"}
{"level":"info","message":"http://api.football-data.org/v2/competitions/EC/matches","timestamp":"2024-06-08T15:07:01.428Z"}
{"level":"info","message":"http://api.football-data.org/v2/competitions/2001/matches","timestamp":"2024-06-08T15:10:01.425Z"}
{"level":"info","message":"http://api.football-data.org/v2/competitions/2001/matches","timestamp":"2024-06-08T15:10:01.449Z"}
{"level":"info","message":"http://api.football-data.org/v2/competitions/EC/matches","timestamp":"2024-06-08T15:10:01.453Z"}
{"level":"info","message":"http://api.football-data.org/v2/competitions/2001/matches","timestamp":"2024-06-11T12:35:20.395Z"}
{"level":"info","message":"http://api.football-data.org/v2/competitions/EC/matches","timestamp":"2024-06-11T12:35:20.401Z"}
{"level":"info","message":"http://api.football-data.org/v2/competitions/2001/matches","timestamp":"2024-06-11T12:35:20.418Z"}
{"level":"info","message":"http://api.football-data.org/v2/competitions/2001/matches","timestamp":"2024-06-11T13:00:09.751Z"}
{"level":"info","message":"http://api.football-data.org/v2/competitions/EC/matches","timestamp":"2024-06-11T13:00:09.765Z"}
{"level":"error","message":"Unknown column 'Challenge.poolId' in 'where clause'","timestamp":"2024-06-11T13:02:31.625Z"}
{"level":"error","message":"Unknown column 'Challenge.challengeId' in 'where clause'","timestamp":"2024-06-12T11:14:24.502Z"}
{"level":"error","message":"Game is associated to Challenge using an alias. You must use the 'as' keyword to specify the alias within your include statement.","timestamp":"2024-06-12T11:33:08.171Z"}
{"level":"error","message":"Game is associated to Challenge using an alias. You've included an alias (games), but it does not match the alias(es) defined in your association (game).","timestamp":"2024-06-12T11:34:07.446Z"}
{"level":"error","message":"Unknown column 'Challenge.stats' in 'where clause'","timestamp":"2024-06-12T11:44:10.385Z"}
{"level":"error","message":"moment.add is not a function","timestamp":"2024-06-12T11:56:33.404Z"}
{"level":"error","message":"You have an error in your SQL syntax; check the manual that corresponds to your MySQL server version for the right syntax to use near '' at line 1","timestamp":"2024-06-12T16:24:14.695Z"}
{"level":"error","message":"Cannot read properties of undefined (reading 'push')","timestamp":"2024-06-12T17:46:23.802Z"}
{"level":"error","message":"Operation timeout","timestamp":"2024-06-13T13:52:47.542Z"}
{"level":"error","message":"connect ETIMEDOUT","timestamp":"2024-06-13T13:59:36.615Z"}
{"level":"info","message":"monkeyBot: 1 bets created","timestamp":"2024-06-13T14:29:17.785Z"}
{"level":"error","message":"connect ETIMEDOUT","timestamp":"2024-06-13T14:36:39.787Z"}
{"level":"info","message":"monkeyBot: 1 bets created","timestamp":"2024-06-13T14:46:46.672Z"}
{"level":"info","message":"crazyBot: 1 bets created","timestamp":"2024-06-13T14:46:46.675Z"}
{"level":"error","message":"connect ETIMEDOUT","timestamp":"2024-06-13T14:50:23.149Z"}
{"level":"info","message":"monkeyBot: 0 bets created","timestamp":"2024-06-13T14:50:23.155Z"}
{"level":"info","message":"crazyBot: 0 bets created","timestamp":"2024-06-13T14:50:23.158Z"}
{"level":"error","message":"Operation timeout","timestamp":"2024-06-13T15:20:53.184Z"}
{"level":"info","message":"monkeyBot: 0 bets created","timestamp":"2024-06-13T15:20:53.229Z"}
{"level":"info","message":"crazyBot: 0 bets created","timestamp":"2024-06-13T15:20:53.230Z"}
{"level":"error","message":"Operation timeout","timestamp":"2024-06-13T15:25:33.649Z"}
{"level":"info","message":"monkeyBot: 0 bets created","timestamp":"2024-06-13T15:25:33.691Z"}
{"level":"info","message":"crazyBot: 0 bets created","timestamp":"2024-06-13T15:25:33.691Z"}
{"level":"info","message":"monkeyBot: 0 bets created","timestamp":"2024-06-13T15:27:02.591Z"}
{"level":"info","message":"monkeyBot: 0 bets created","timestamp":"2024-06-13T15:55:17.454Z"}
{"level":"info","message":"crazyBot: 0 bets created","timestamp":"2024-06-13T15:55:17.455Z"}
{"level":"error","message":"connect ETIMEDOUT","timestamp":"2024-06-13T15:55:17.457Z"}
{"level":"error","message":"Unknown column 'Challenge.raw' in 'where clause'","timestamp":"2024-06-19T16:54:03.259Z"}
{"level":"error","message":"write ECONNABORTED","timestamp":"2024-06-20T05:07:59.062Z"}
{"level":"info","message":"http://api.football-data.org/v2/competitions/EC/matches","timestamp":"2024-06-20T13:53:01.880Z"}
{"level":"info","message":"http://api.football-data.org/v2/competitions/EC/matches","timestamp":"2024-06-20T13:53:01.896Z"}
{"level":"info","message":"http://api.football-data.org/v2/competitions/EC/matches","timestamp":"2024-06-20T13:56:01.610Z"}
{"level":"info","message":"http://api.football-data.org/v2/competitions/EC/matches","timestamp":"2024-06-20T13:59:05.188Z"}
{"level":"error","message":"bet is not defined","timestamp":"2024-06-20T14:04:05.128Z"}
{"level":"error","message":"Field 'user_id' doesn't have a default value","timestamp":"2024-06-20T14:27:33.308Z"}
{"level":"info","message":"http://api.football-data.org/v2/competitions/EC/matches","timestamp":"2024-06-20T17:26:01.462Z"}
{"level":"info","message":"User  is not authorised. Request from address ::1.","timestamp":"2024-06-20T17:26:40.868Z"}
{"level":"info","message":"http://api.football-data.org/v2/competitions/EC/matches","timestamp":"2024-06-20T17:35:00.351Z"}
{"level":"info","message":"http://api.football-data.org/v2/competitions/EC/matches","timestamp":"2024-06-20T17:39:01.434Z"}
{"level":"error","message":"Field 'user_id' doesn't have a default value","timestamp":"2024-06-21T08:00:09.979Z"}
{"level":"info","message":"monkeyBot: 5 bets created","timestamp":"2024-06-23T05:29:51.411Z"}
{"level":"info","message":"monkeyBot: 3 bets created","timestamp":"2024-07-01T16:05:19.021Z"}
{"level":"error","message":"connect ETIMEDOUT","timestamp":"2024-07-05T11:09:13.181Z"}
{"level":"error","message":"Cannot calculate inverse, determinant is zero","timestamp":"2024-07-05T11:18:05.638Z"}
{"level":"error","message":"Cannot read properties of undefined (reading 'id')","timestamp":"2024-07-09T12:11:27.218Z"}
{"level":"error","message":"Cannot read properties of undefined (reading 'id')","timestamp":"2024-07-09T12:14:18.814Z"}
{"level":"error","message":"Cannot calculate inverse, determinant is zero","timestamp":"2024-07-09T12:14:18.845Z"}
{"level":"error","message":"Cannot read properties of undefined (reading 'id')","timestamp":"2024-07-09T12:27:58.426Z"}
{"level":"error","message":"Cannot read properties of undefined (reading 'id')","timestamp":"2024-07-09T12:31:33.525Z"}
{"level":"info","message":"monkeyBot: 1 bets created","timestamp":"2024-07-09T12:33:29.016Z"}
{"level":"info","message":"http://api.football-data.org/v2/competitions/EC/matches","timestamp":"2024-07-14T06:20:41.472Z"}
{"level":"info","message":"http://api.football-data.org/v2/competitions/EC/matches","timestamp":"2024-07-14T06:25:18.050Z"}
{"level":"info","message":"http://api.football-data.org/v2/competitions/EC/matches","timestamp":"2024-07-14T06:27:08.730Z"}
{"level":"info","message":"http://api.football-data.org/v2/competitions/CL/matches","timestamp":"2024-09-17T19:26:20.952Z"}
{"level":"info","message":"http://api.football-data.org/v2/competitions/CL/matches","timestamp":"2024-09-17T19:38:05.099Z"}
{"level":"info","message":"http://api.football-data.org/v2/competitions/CL/matches","timestamp":"2024-09-17T19:40:01.564Z"}
{"level":"info","message":"http://api.football-data.org/v2/competitions/CL/matches","timestamp":"2024-09-17T19:42:01.580Z"}
{"level":"info","message":"http://api.football-data.org/v2/competitions/CL/matches","timestamp":"2024-09-17T19:44:01.537Z"}
{"level":"error","message":"An error has occurred while processing a request  from ::1. Stack trace: SequelizeConnectionRefusedError\n    at /Users/amitr/js/bet-pool-server/node_modules/sequelize/lib/dialects/mysql/connection-manager.js:123:19\n    at tryCatcher (/Users/amitr/js/bet-pool-server/node_modules/bluebird/js/release/util.js:16:23)\n    at Promise._settlePromiseFromHandler (/Users/amitr/js/bet-pool-server/node_modules/bluebird/js/release/promise.js:512:31)\n    at Promise._settlePromise (/Users/amitr/js/bet-pool-server/node_modules/bluebird/js/release/promise.js:569:18)\n    at Promise._settlePromise0 (/Users/amitr/js/bet-pool-server/node_modules/bluebird/js/release/promise.js:614:10)\n    at Promise._settlePromises (/Users/amitr/js/bet-pool-server/node_modules/bluebird/js/release/promise.js:689:18)\n    at Async._drainQueue (/Users/amitr/js/bet-pool-server/node_modules/bluebird/js/release/async.js:133:16)\n    at Async._drainQueues (/Users/amitr/js/bet-pool-server/node_modules/bluebird/js/release/async.js:143:10)\n    at Async.drainQueues (/Users/amitr/js/bet-pool-server/node_modules/bluebird/js/release/async.js:17:14)\n    at process.processImmediate (node:internal/timers:505:21)","timestamp":"2025-10-04T08:33:51.128Z"}
{"level":"info","message":"User amit.rotbard@gmail.com successfully logged in using application from: ::1.","timestamp":"2025-10-04T09:25:51.245Z"}
{"level":"info","message":"User  is not authorised. Request from address ::1.","timestamp":"2025-10-04T11:41:47.215Z"}
{"level":"info","message":"User  is not authorised. Request from address ::1.","timestamp":"2025-10-04T11:41:47.216Z"}
{"level":"error","message":"An error has occurred while processing a request  from ::1. Stack trace: SequelizeConnectionRefusedError\n    at /Users/amitr/js/bet-pool-server/node_modules/sequelize/lib/dialects/mysql/connection-manager.js:123:19\nFrom previous event:\n    at ConnectionManager.connect (/Users/amitr/js/bet-pool-server/node_modules/sequelize/lib/dialects/mysql/connection-manager.js:120:13)\n    at /Users/amitr/js/bet-pool-server/node_modules/sequelize/lib/dialects/abstract/connection-manager.js:318:50\nFrom previous event:\n    at ConnectionManager._connect (/Users/amitr/js/bet-pool-server/node_modules/sequelize/lib/dialects/abstract/connection-manager.js:318:8)\n    at ConnectionManager.getConnection (/Users/amitr/js/bet-pool-server/node_modules/sequelize/lib/dialects/abstract/connection-manager.js:254:46)\n    at /Users/amitr/js/bet-pool-server/node_modules/sequelize/lib/sequelize.js:650:36\nFrom previous event:\n    at /Users/amitr/js/bet-pool-server/node_modules/sequelize/lib/sequelize.js:641:53\n    at /Users/amitr/js/bet-pool-server/node_modules/retry-as-promised/index.js:70:21\n    at new Promise (<anonymous>)\n    at retryAsPromised (/Users/amitr/js/bet-pool-server/node_modules/retry-as-promised/index.js:60:10)\n    at /Users/amitr/js/bet-pool-server/node_modules/sequelize/lib/sequelize.js:641:30\nFrom previous event:\n    at Sequelize.query (/Users/amitr/js/bet-pool-server/node_modules/sequelize/lib/sequelize.js:590:23)\n    at QueryInterface.select (/Users/amitr/js/bet-pool-server/node_modules/sequelize/lib/query-interface.js:1126:27)\n    at /Users/amitr/js/bet-pool-server/node_modules/sequelize/lib/model.js:1759:34\n    at process.processImmediate (node:internal/timers:505:21)\n    at process.callbackTrampoline (node:internal/async_hooks:130:17)\nFrom previous event:\n    at Account.findAll (/Users/amitr/js/bet-pool-server/node_modules/sequelize/lib/model.js:1757:8)\n    at Account.findOne (/Users/amitr/js/bet-pool-server/node_modules/sequelize/lib/model.js:1926:17)\n    at Strategy._verify (/Users/amitr/js/bet-pool-server/passport.js:19:24)\n    at Strategy.authenticate (/Users/amitr/js/bet-pool-server/node_modules/passport-local/lib/strategy.js:88:12)\n    at attempt (/Users/amitr/js/bet-pool-server/node_modules/passport/lib/middleware/authenticate.js:366:16)\n    at authenticate (/Users/amitr/js/bet-pool-server/node_modules/passport/lib/middleware/authenticate.js:367:7)\n    at authorise (/Users/amitr/js/bet-pool-server/securityPolicy.js:64:7)\n    at Layer.handle [as handle_request] (/Users/amitr/js/bet-pool-server/node_modules/express/lib/router/layer.js:95:5)\n    at next (/Users/amitr/js/bet-pool-server/node_modules/express/lib/router/route.js:137:13)\n    at /Users/amitr/js/bet-pool-server/Routes.js:59:91\n    at Layer.handle [as handle_request] (/Users/amitr/js/bet-pool-server/node_modules/express/lib/router/layer.js:95:5)\n    at next (/Users/amitr/js/bet-pool-server/node_modules/express/lib/router/route.js:137:13)\n    at Route.dispatch (/Users/amitr/js/bet-pool-server/node_modules/express/lib/router/route.js:112:3)\n    at Layer.handle [as handle_request] (/Users/amitr/js/bet-pool-server/node_modules/express/lib/router/layer.js:95:5)\n    at /Users/amitr/js/bet-pool-server/node_modules/express/lib/router/index.js:281:22\n    at router.process_params (/Users/amitr/js/bet-pool-server/node_modules/express/lib/router/index.js:335:12)\n    at next (/Users/amitr/js/bet-pool-server/node_modules/express/lib/router/index.js:275:10)\n    at Layer.handle [as handle_request] (/Users/amitr/js/bet-pool-server/node_modules/express/lib/router/layer.js:91:12)\n    at trim_prefix (/Users/amitr/js/bet-pool-server/node_modules/express/lib/router/index.js:317:13)\n    at /Users/amitr/js/bet-pool-server/node_modules/express/lib/router/index.js:284:7\n    at router.process_params (/Users/amitr/js/bet-pool-server/node_modules/express/lib/router/index.js:335:12)\n    at next (/Users/amitr/js/bet-pool-server/node_modules/express/lib/router/index.js:275:10)\n    at initialize (/Users/amitr/js/bet-pool-server/node_modules/passport/lib/middleware/initialize.js:53:5)\n    at Layer.handle [as handle_request] (/Users/amitr/js/bet-pool-server/node_modules/express/lib/router/layer.js:95:5)\n    at trim_prefix (/Users/amitr/js/bet-pool-server/node_modules/express/lib/router/index.js:317:13)","timestamp":"2025-10-04T11:43:24.473Z"}
{"level":"error","message":"An error has occurred while processing a request  from ::1. Stack trace: SequelizeConnectionRefusedError\n    at /Users/amitr/js/bet-pool-server/node_modules/sequelize/lib/dialects/mysql/connection-manager.js:123:19\n    at tryCatcher (/Users/amitr/js/bet-pool-server/node_modules/bluebird/js/release/util.js:16:23)\n    at Promise._settlePromiseFromHandler (/Users/amitr/js/bet-pool-server/node_modules/bluebird/js/release/promise.js:512:31)\n    at Promise._settlePromise (/Users/amitr/js/bet-pool-server/node_modules/bluebird/js/release/promise.js:569:18)\n    at Promise._settlePromise0 (/Users/amitr/js/bet-pool-server/node_modules/bluebird/js/release/promise.js:614:10)\n    at Promise._settlePromises (/Users/amitr/js/bet-pool-server/node_modules/bluebird/js/release/promise.js:689:18)\n    at Async._drainQueue (/Users/amitr/js/bet-pool-server/node_modules/bluebird/js/release/async.js:133:16)\n    at Async._drainQueues (/Users/amitr/js/bet-pool-server/node_modules/bluebird/js/release/async.js:143:10)\n    at Async.drainQueues (/Users/amitr/js/bet-pool-server/node_modules/bluebird/js/release/async.js:17:14)\n    at process.processImmediate (node:internal/timers:505:21)","timestamp":"2025-10-04T11:45:37.944Z"}
{"level":"info","message":"User  is not authorised. Request from address ::1.","timestamp":"2025-10-04T11:46:34.273Z"}
{"level":"info","message":"User  is not authorised. Request from address ::1.","timestamp":"2025-10-04T12:03:08.097Z"}
{"level":"info","message":"User  is not authorised. Request from address ::1.","timestamp":"2025-10-04T15:25:51.456Z"}
{"level":"info","message":"User  is not authorised. Request from address ::1.","timestamp":"2025-10-04T15:25:51.456Z"}
{"level":"error","message":"An error has occurred while processing a request  from ::1. Stack trace: SequelizeConnectionRefusedError\n    at /Users/amitr/js/bet-pool-server/node_modules/sequelize/lib/dialects/mysql/connection-manager.js:123:19\n    at tryCatcher (/Users/amitr/js/bet-pool-server/node_modules/bluebird/js/release/util.js:16:23)\n    at Promise._settlePromiseFromHandler (/Users/amitr/js/bet-pool-server/node_modules/bluebird/js/release/promise.js:512:31)\n    at Promise._settlePromise (/Users/amitr/js/bet-pool-server/node_modules/bluebird/js/release/promise.js:569:18)\n    at Promise._settlePromise0 (/Users/amitr/js/bet-pool-server/node_modules/bluebird/js/release/promise.js:614:10)\n    at Promise._settlePromises (/Users/amitr/js/bet-pool-server/node_modules/bluebird/js/release/promise.js:689:18)\n    at Async._drainQueue (/Users/amitr/js/bet-pool-server/node_modules/bluebird/js/release/async.js:133:16)\n    at Async._drainQueues (/Users/amitr/js/bet-pool-server/node_modules/bluebird/js/release/async.js:143:10)\n    at Async.drainQueues (/Users/amitr/js/bet-pool-server/node_modules/bluebird/js/release/async.js:17:14)\n    at process.processImmediate (node:internal/timers:505:21)","timestamp":"2025-10-04T15:47:43.412Z"}
{"level":"info","message":"User Smart-Bot successfully logged in using application from: ::1.","timestamp":"2025-10-04T15:55:33.535Z"}
{"level":"info","message":"User  is not authorised. Request from address ::1.","timestamp":"2025-10-05T08:55:04.923Z"}
